/*
 Navicat Premium Data Transfer

 Source Server         : MySQL57
 Source Server Type    : MySQL
 Source Server Version : 50740
 Source Host           : localhost:3306
 Source Schema         : com.ymx.fbms

 Target Server Type    : MySQL
 Target Server Version : 50740
 File Encoding         : 65001

 Date: 16/12/2022 22:55:39
*/

SET NAMES utf8mb4;
SET FOREIGN_KEY_CHECKS = 0;

-- ----------------------------
-- Table structure for course
-- ----------------------------
DROP TABLE IF EXISTS `course`;
CREATE TABLE `course`  (
  `course_no` int(11) NOT NULL,
  `course_name` varchar(255) CHARACTER SET utf8 COLLATE utf8_general_ci NOT NULL,
  `credits` double(11, 2) NOT NULL,
  `teacher_id` int(11) NULL DEFAULT NULL,
  PRIMARY KEY (`course_no`) USING BTREE,
  INDEX `teacher_id`(`teacher_id`) USING BTREE,
  CONSTRAINT `course_ibfk_1` FOREIGN KEY (`teacher_id`) REFERENCES `user` (`user_id`) ON DELETE NO ACTION ON UPDATE NO ACTION
) ENGINE = InnoDB CHARACTER SET = utf8 COLLATE = utf8_general_ci ROW_FORMAT = Dynamic;

-- ----------------------------
-- Records of course
-- ----------------------------
INSERT INTO `course` VALUES (1080006021, '劳动教育理论', 0.50, 8);
INSERT INTO `course` VALUES (1135100050, '大学英语(1)A', 4.00, 4);
INSERT INTO `course` VALUES (1212102770, '高等数学A1(1)', 4.00, 17);
INSERT INTO `course` VALUES (1222102880, '数字逻辑电路', 2.50, 5);
INSERT INTO `course` VALUES (1262109610, '计算机网络', 2.50, 10);
INSERT INTO `course` VALUES (1262119610, '离散结构', 3.00, 4);
INSERT INTO `course` VALUES (1262119640, '人工智能概论', 2.00, 22);
INSERT INTO `course` VALUES (1262119650, '软件工程导论', 2.00, 8);
INSERT INTO `course` VALUES (1262119870, '人工神经网络及框架技术', 2.50, 5);
INSERT INTO `course` VALUES (1262119960, '人工智能方向实训', 2.00, 10);
INSERT INTO `course` VALUES (1262120140, '应用统计学', 3.50, 15);
INSERT INTO `course` VALUES (1262908620, '数据结构与算法', 5.00, 11);
INSERT INTO `course` VALUES (1423100110, '形势与政策(1)', 0.50, 13);
INSERT INTO `course` VALUES (1423100320, '形势与政策(2)', 0.25, 19);
INSERT INTO `course` VALUES (1423100330, '形势与政策(3)', 0.25, 7);
INSERT INTO `course` VALUES (1423100340, '形势与政策(4)', 0.25, 21);
INSERT INTO `course` VALUES (1424100260, '中国近现代史纲要', 3.00, 1);
INSERT INTO `course` VALUES (1544100010, '军事理论', 2.00, 2);

-- ----------------------------
-- Table structure for file
-- ----------------------------
DROP TABLE IF EXISTS `file`;
CREATE TABLE `file`  (
  `file_id` int(11) NOT NULL AUTO_INCREMENT COMMENT '文件id',
  `file_name` varchar(255) CHARACTER SET utf8 COLLATE utf8_general_ci NULL DEFAULT NULL COMMENT '文件名',
  `file_type` varchar(255) CHARACTER SET utf8 COLLATE utf8_general_ci NULL DEFAULT NULL COMMENT '文件类型',
  `file_size` double NULL DEFAULT NULL COMMENT '文件大小',
  `file_url` varchar(255) CHARACTER SET utf8 COLLATE utf8_general_ci NULL DEFAULT NULL COMMENT '文件地址',
  `file_enable` tinyint(1) NOT NULL COMMENT '文件是否禁用链接',
  PRIMARY KEY (`file_id`) USING BTREE
) ENGINE = InnoDB AUTO_INCREMENT = 8 CHARACTER SET = utf8 COLLATE = utf8_general_ci ROW_FORMAT = Dynamic;

-- ----------------------------
-- Records of file
-- ----------------------------
INSERT INTO `file` VALUES (1, '4a63bae5-3742-4871-8300-afccbab79291.doc', 'doc', 1405952, 'http://127.0.0.1:8081/file/4a63bae5-3742-4871-8300-afccbab79291.doc', 1);
INSERT INTO `file` VALUES (2, 'f1cf820b-48e9-40eb-b23e-5b39c9237988.doc', 'doc', 31232, 'http://127.0.0.1:8081/file/f1cf820b-48e9-40eb-b23e-5b39c9237988.doc', 0);
INSERT INTO `file` VALUES (3, 'dedf285e-0728-4c95-a8ca-c33b62b0f7f1.doc', 'doc', 43008, 'http://127.0.0.1:8081/file/dedf285e-0728-4c95-a8ca-c33b62b0f7f1.doc', 0);
INSERT INTO `file` VALUES (4, 'b570a0f9-a0e7-46e6-9e54-6461d9cdb572.doc', 'doc', 38400, 'http://127.0.0.1:8081/file/b570a0f9-a0e7-46e6-9e54-6461d9cdb572.doc', 0);
INSERT INTO `file` VALUES (5, 'a2f2a334-4a7f-4163-871e-0996f501f350.doc', 'doc', 38400, 'http://127.0.0.1:8081/file/a2f2a334-4a7f-4163-871e-0996f501f350.doc', 0);
INSERT INTO `file` VALUES (6, '730b68e2-3f83-4894-b089-92be64b534da.pdf', 'pdf', 4109522, 'http://127.0.0.1:8081/file/730b68e2-3f83-4894-b089-92be64b534da.pdf', 0);
INSERT INTO `file` VALUES (7, 'c29663fa-cd2c-4f25-8153-f169a840d852.md', 'md', 21820, 'http://127.0.0.1:8081/file/c29663fa-cd2c-4f25-8153-f169a840d852.md', 0);

-- ----------------------------
-- Table structure for grade
-- ----------------------------
DROP TABLE IF EXISTS `grade`;
CREATE TABLE `grade`  (
  `student_id` int(11) NOT NULL,
  `course_no` int(11) NOT NULL,
  `grade` double(11, 2) NULL DEFAULT NULL,
  PRIMARY KEY (`student_id`, `course_no`) USING BTREE,
  INDEX `course_no`(`course_no`) USING BTREE,
  CONSTRAINT `grade_ibfk_1` FOREIGN KEY (`student_id`) REFERENCES `user` (`user_id`) ON DELETE CASCADE ON UPDATE NO ACTION,
  CONSTRAINT `grade_ibfk_2` FOREIGN KEY (`course_no`) REFERENCES `course` (`course_no`) ON DELETE CASCADE ON UPDATE NO ACTION
) ENGINE = InnoDB CHARACTER SET = utf8 COLLATE = utf8_general_ci ROW_FORMAT = Dynamic;

-- ----------------------------
-- Records of grade
-- ----------------------------
INSERT INTO `grade` VALUES (70, 1080006021, 94.00);
INSERT INTO `grade` VALUES (99, 1262119610, 96.00);
INSERT INTO `grade` VALUES (100, 1135100050, 74.53);
INSERT INTO `grade` VALUES (103, 1424100260, 63.67);
INSERT INTO `grade` VALUES (106, 1544100010, 51.72);
INSERT INTO `grade` VALUES (108, 1262119650, 53.45);
INSERT INTO `grade` VALUES (114, 1424100260, 74.29);
INSERT INTO `grade` VALUES (115, 1262908620, 63.29);
INSERT INTO `grade` VALUES (116, 1423100320, 71.92);
INSERT INTO `grade` VALUES (117, 1424100260, 65.14);
INSERT INTO `grade` VALUES (117, 1544100010, 69.79);
INSERT INTO `grade` VALUES (119, 1080006021, 52.26);
INSERT INTO `grade` VALUES (119, 1544100010, 65.93);
INSERT INTO `grade` VALUES (120, 1262119870, 90.19);
INSERT INTO `grade` VALUES (122, 1262119870, 96.27);
INSERT INTO `grade` VALUES (122, 1262908620, 80.75);
INSERT INTO `grade` VALUES (123, 1262119610, 68.52);
INSERT INTO `grade` VALUES (123, 1262120140, 62.38);
INSERT INTO `grade` VALUES (127, 1262119650, 84.71);
INSERT INTO `grade` VALUES (128, 1262120140, 59.66);
INSERT INTO `grade` VALUES (128, 1423100110, 71.83);
INSERT INTO `grade` VALUES (129, 1262109610, 85.84);
INSERT INTO `grade` VALUES (130, 1262119640, 78.18);
INSERT INTO `grade` VALUES (131, 1423100340, 67.26);
INSERT INTO `grade` VALUES (132, 1212102770, 68.67);
INSERT INTO `grade` VALUES (132, 1222102880, 66.93);
INSERT INTO `grade` VALUES (133, 1262908620, 58.48);
INSERT INTO `grade` VALUES (135, 1424100260, 83.17);
INSERT INTO `grade` VALUES (136, 1262109610, 94.92);
INSERT INTO `grade` VALUES (136, 1262119640, 76.49);
INSERT INTO `grade` VALUES (136, 1262908620, 53.87);
INSERT INTO `grade` VALUES (137, 1222102880, 79.32);
INSERT INTO `grade` VALUES (138, 1135100050, 77.83);
INSERT INTO `grade` VALUES (139, 1080006021, 50.35);
INSERT INTO `grade` VALUES (140, 1424100260, 87.13);
INSERT INTO `grade` VALUES (141, 1262119610, 91.84);
INSERT INTO `grade` VALUES (142, 1262908620, 54.54);
INSERT INTO `grade` VALUES (143, 1423100110, 51.43);
INSERT INTO `grade` VALUES (143, 1424100260, 82.71);
INSERT INTO `grade` VALUES (145, 1222102880, 72.45);
INSERT INTO `grade` VALUES (148, 1262908620, 57.96);
INSERT INTO `grade` VALUES (149, 1262119650, 91.12);
INSERT INTO `grade` VALUES (151, 1424100260, 70.08);
INSERT INTO `grade` VALUES (156, 1135100050, 76.58);
INSERT INTO `grade` VALUES (156, 1212102770, 85.26);
INSERT INTO `grade` VALUES (156, 1423100340, 52.77);
INSERT INTO `grade` VALUES (157, 1262908620, 72.76);
INSERT INTO `grade` VALUES (159, 1262109610, 65.86);
INSERT INTO `grade` VALUES (159, 1262120140, 96.76);
INSERT INTO `grade` VALUES (160, 1222102880, 83.04);
INSERT INTO `grade` VALUES (160, 1262119610, 70.83);
INSERT INTO `grade` VALUES (161, 1262109610, 88.87);
INSERT INTO `grade` VALUES (162, 1222102880, 94.57);
INSERT INTO `grade` VALUES (163, 1080006021, 73.44);
INSERT INTO `grade` VALUES (164, 1262119610, 51.56);
INSERT INTO `grade` VALUES (165, 1423100110, 77.18);
INSERT INTO `grade` VALUES (166, 1212102770, 62.85);
INSERT INTO `grade` VALUES (166, 1262119870, 93.02);
INSERT INTO `grade` VALUES (167, 1222102880, 53.18);
INSERT INTO `grade` VALUES (171, 1135100050, 80.76);
INSERT INTO `grade` VALUES (172, 1423100110, 67.33);
INSERT INTO `grade` VALUES (174, 1262109610, 70.65);
INSERT INTO `grade` VALUES (176, 1262120140, 78.77);
INSERT INTO `grade` VALUES (176, 1423100320, 74.12);
INSERT INTO `grade` VALUES (179, 1262119650, 54.17);
INSERT INTO `grade` VALUES (183, 1262120140, 96.38);
INSERT INTO `grade` VALUES (183, 1423100340, 56.72);
INSERT INTO `grade` VALUES (185, 1423100110, 98.47);
INSERT INTO `grade` VALUES (188, 1222102880, 86.13);
INSERT INTO `grade` VALUES (188, 1262120140, 64.68);
INSERT INTO `grade` VALUES (190, 1423100320, 85.18);
INSERT INTO `grade` VALUES (194, 1262119610, 85.27);
INSERT INTO `grade` VALUES (197, 1262109610, 51.16);
INSERT INTO `grade` VALUES (200, 1222102880, 86.15);
INSERT INTO `grade` VALUES (200, 1262119870, 53.35);
INSERT INTO `grade` VALUES (200, 1544100010, 70.55);
INSERT INTO `grade` VALUES (202, 1262908620, 55.25);
INSERT INTO `grade` VALUES (204, 1222102880, 97.25);
INSERT INTO `grade` VALUES (206, 1262119640, 75.38);
INSERT INTO `grade` VALUES (211, 1080006021, 85.00);
INSERT INTO `grade` VALUES (211, 1262120140, 76.18);
INSERT INTO `grade` VALUES (212, 1262120140, 83.28);
INSERT INTO `grade` VALUES (212, 1424100260, 70.07);
INSERT INTO `grade` VALUES (213, 1262109610, 72.79);
INSERT INTO `grade` VALUES (214, 1424100260, 63.41);
INSERT INTO `grade` VALUES (215, 1544100010, 74.87);
INSERT INTO `grade` VALUES (216, 1423100110, 79.86);
INSERT INTO `grade` VALUES (217, 1262119610, 87.53);
INSERT INTO `grade` VALUES (220, 1262119650, 89.51);
INSERT INTO `grade` VALUES (222, 1080006021, 90.77);
INSERT INTO `grade` VALUES (222, 1135100050, 76.14);
INSERT INTO `grade` VALUES (223, 1262119640, 82.52);
INSERT INTO `grade` VALUES (223, 1262908620, 56.34);
INSERT INTO `grade` VALUES (223, 1544100010, 52.13);
INSERT INTO `grade` VALUES (224, 1544100010, 59.89);
INSERT INTO `grade` VALUES (228, 1080006021, 80.00);
INSERT INTO `grade` VALUES (228, 1424100260, 84.35);
INSERT INTO `grade` VALUES (229, 1262119650, 73.47);
INSERT INTO `grade` VALUES (230, 1080006021, 91.45);
INSERT INTO `grade` VALUES (230, 1135100050, 54.11);
INSERT INTO `grade` VALUES (230, 1262119870, 98.75);
INSERT INTO `grade` VALUES (233, 1262119870, 96.18);
INSERT INTO `grade` VALUES (234, 1262119870, 52.43);
INSERT INTO `grade` VALUES (235, 1212102770, 91.36);
INSERT INTO `grade` VALUES (236, 1135100050, 85.78);
INSERT INTO `grade` VALUES (236, 1262908620, 78.33);
INSERT INTO `grade` VALUES (238, 1222102880, 89.25);
INSERT INTO `grade` VALUES (238, 1262109610, 72.41);
INSERT INTO `grade` VALUES (238, 1262119870, 63.81);
INSERT INTO `grade` VALUES (240, 1262119650, 59.62);
INSERT INTO `grade` VALUES (241, 1222102880, 65.66);
INSERT INTO `grade` VALUES (242, 1544100010, 88.49);
INSERT INTO `grade` VALUES (243, 1135100050, 79.83);
INSERT INTO `grade` VALUES (243, 1423100320, 60.08);
INSERT INTO `grade` VALUES (245, 1080006021, 74.14);
INSERT INTO `grade` VALUES (245, 1423100110, 99.64);
INSERT INTO `grade` VALUES (246, 1262120140, 71.02);
INSERT INTO `grade` VALUES (247, 1262120140, 93.02);
INSERT INTO `grade` VALUES (249, 1262908620, 55.95);
INSERT INTO `grade` VALUES (250, 1262119640, 62.13);
INSERT INTO `grade` VALUES (250, 1424100260, 60.45);
INSERT INTO `grade` VALUES (251, 1262119640, 63.94);
INSERT INTO `grade` VALUES (254, 1262119640, 79.38);
INSERT INTO `grade` VALUES (256, 1262119640, 57.42);
INSERT INTO `grade` VALUES (257, 1222102880, 98.76);
INSERT INTO `grade` VALUES (257, 1262119870, 88.81);
INSERT INTO `grade` VALUES (258, 1262908620, 81.75);
INSERT INTO `grade` VALUES (264, 1262119610, 74.34);
INSERT INTO `grade` VALUES (264, 1262120140, 65.21);
INSERT INTO `grade` VALUES (268, 1262109610, 51.74);
INSERT INTO `grade` VALUES (270, 1262120140, 71.58);
INSERT INTO `grade` VALUES (271, 1212102770, 99.69);
INSERT INTO `grade` VALUES (272, 1262119650, 59.41);
INSERT INTO `grade` VALUES (273, 1262119650, 71.26);
INSERT INTO `grade` VALUES (274, 1262119650, 67.17);
INSERT INTO `grade` VALUES (274, 1423100320, 87.34);
INSERT INTO `grade` VALUES (274, 1423100330, 95.52);
INSERT INTO `grade` VALUES (275, 1262908620, 80.98);
INSERT INTO `grade` VALUES (276, 1544100010, 75.19);
INSERT INTO `grade` VALUES (277, 1262119610, 60.15);
INSERT INTO `grade` VALUES (278, 1262120140, 74.39);
INSERT INTO `grade` VALUES (280, 1222102880, 74.25);
INSERT INTO `grade` VALUES (280, 1262119870, 89.31);
INSERT INTO `grade` VALUES (280, 1424100260, 66.16);
INSERT INTO `grade` VALUES (281, 1262908620, 64.16);
INSERT INTO `grade` VALUES (283, 1262119650, 61.34);
INSERT INTO `grade` VALUES (283, 1262908620, 87.54);
INSERT INTO `grade` VALUES (286, 1262120140, 91.33);
INSERT INTO `grade` VALUES (287, 1262119870, 77.73);
INSERT INTO `grade` VALUES (289, 1544100010, 97.84);
INSERT INTO `grade` VALUES (291, 1262908620, 76.69);
INSERT INTO `grade` VALUES (292, 1262120140, 55.28);
INSERT INTO `grade` VALUES (293, 1262908620, 65.53);
INSERT INTO `grade` VALUES (294, 1262119650, 58.34);
INSERT INTO `grade` VALUES (297, 1080006021, 55.34);
INSERT INTO `grade` VALUES (298, 1262908620, 56.38);
INSERT INTO `grade` VALUES (298, 1424100260, 85.87);
INSERT INTO `grade` VALUES (299, 1222102880, 65.87);
INSERT INTO `grade` VALUES (299, 1262119650, 60.48);
INSERT INTO `grade` VALUES (299, 1262120140, 64.97);
INSERT INTO `grade` VALUES (300, 1262119610, 87.52);
INSERT INTO `grade` VALUES (302, 1135100050, 78.34);
INSERT INTO `grade` VALUES (304, 1544100010, 94.75);
INSERT INTO `grade` VALUES (305, 1262119650, 66.13);
INSERT INTO `grade` VALUES (307, 1135100050, 68.35);
INSERT INTO `grade` VALUES (309, 1262908620, 78.98);
INSERT INTO `grade` VALUES (309, 1544100010, 85.98);
INSERT INTO `grade` VALUES (310, 1262119650, 93.98);
INSERT INTO `grade` VALUES (310, 1262120140, 60.35);
INSERT INTO `grade` VALUES (312, 1222102880, 58.66);
INSERT INTO `grade` VALUES (312, 1262119650, 92.55);
INSERT INTO `grade` VALUES (313, 1262119610, 91.09);
INSERT INTO `grade` VALUES (314, 1544100010, 96.75);
INSERT INTO `grade` VALUES (315, 1212102770, 55.64);
INSERT INTO `grade` VALUES (315, 1544100010, 96.63);
INSERT INTO `grade` VALUES (316, 1262119650, 61.75);
INSERT INTO `grade` VALUES (316, 1423100110, 61.46);
INSERT INTO `grade` VALUES (322, 1544100010, 52.77);
INSERT INTO `grade` VALUES (323, 1135100050, 84.78);
INSERT INTO `grade` VALUES (323, 1262119870, 84.94);
INSERT INTO `grade` VALUES (324, 1262119870, 78.36);
INSERT INTO `grade` VALUES (325, 1262119870, 92.85);
INSERT INTO `grade` VALUES (328, 1222102880, 82.86);
INSERT INTO `grade` VALUES (329, 1262908620, 55.77);
INSERT INTO `grade` VALUES (329, 1424100260, 75.84);
INSERT INTO `grade` VALUES (330, 1222102880, 73.74);
INSERT INTO `grade` VALUES (330, 1262119640, 61.62);
INSERT INTO `grade` VALUES (330, 1544100010, 58.38);
INSERT INTO `grade` VALUES (333, 1080006021, 98.00);
INSERT INTO `grade` VALUES (333, 1262908620, 84.86);
INSERT INTO `grade` VALUES (333, 1424100260, 52.74);
INSERT INTO `grade` VALUES (334, 1262119650, 67.55);
INSERT INTO `grade` VALUES (334, 1423100340, 91.54);
INSERT INTO `grade` VALUES (335, 1424100260, 51.34);
INSERT INTO `grade` VALUES (336, 1222102880, 59.19);
INSERT INTO `grade` VALUES (337, 1262119610, 53.11);
INSERT INTO `grade` VALUES (340, 1423100320, 68.87);
INSERT INTO `grade` VALUES (341, 1212102770, 55.22);
INSERT INTO `grade` VALUES (342, 1544100010, 61.25);
INSERT INTO `grade` VALUES (347, 1262119640, 88.38);
INSERT INTO `grade` VALUES (349, 1262119870, 96.86);
INSERT INTO `grade` VALUES (349, 1262908620, 61.59);
INSERT INTO `grade` VALUES (350, 1222102880, 69.74);
INSERT INTO `grade` VALUES (350, 1262119610, 88.98);
INSERT INTO `grade` VALUES (350, 1262908620, 59.02);
INSERT INTO `grade` VALUES (353, 1262119870, 87.57);
INSERT INTO `grade` VALUES (357, 1262119610, 59.82);
INSERT INTO `grade` VALUES (357, 1262120140, 63.45);
INSERT INTO `grade` VALUES (363, 1212102770, 80.59);
INSERT INTO `grade` VALUES (363, 1423100340, 89.97);
INSERT INTO `grade` VALUES (363, 1544100010, 53.54);
INSERT INTO `grade` VALUES (364, 1262109610, 60.39);
INSERT INTO `grade` VALUES (364, 1262908620, 83.37);
INSERT INTO `grade` VALUES (368, 1424100260, 97.46);
INSERT INTO `grade` VALUES (370, 1424100260, 72.54);
INSERT INTO `grade` VALUES (371, 1222102880, 91.82);
INSERT INTO `grade` VALUES (373, 1212102770, 51.33);
INSERT INTO `grade` VALUES (373, 1262109610, 80.32);
INSERT INTO `grade` VALUES (374, 1262119640, 88.57);
INSERT INTO `grade` VALUES (374, 1544100010, 60.56);
INSERT INTO `grade` VALUES (375, 1423100340, 89.84);
INSERT INTO `grade` VALUES (376, 1423100110, 64.27);
INSERT INTO `grade` VALUES (376, 1423100320, 66.03);
INSERT INTO `grade` VALUES (376, 1424100260, 54.16);
INSERT INTO `grade` VALUES (378, 1212102770, 78.62);
INSERT INTO `grade` VALUES (379, 1423100320, 82.03);
INSERT INTO `grade` VALUES (381, 1262120140, 97.53);
INSERT INTO `grade` VALUES (382, 1080006021, 76.77);
INSERT INTO `grade` VALUES (383, 1262908620, 95.36);
INSERT INTO `grade` VALUES (387, 1423100340, 54.79);
INSERT INTO `grade` VALUES (388, 1080006021, 98.54);
INSERT INTO `grade` VALUES (388, 1262120140, 70.72);
INSERT INTO `grade` VALUES (388, 1423100340, 96.85);
INSERT INTO `grade` VALUES (390, 1262119640, 88.61);
INSERT INTO `grade` VALUES (390, 1423100320, 63.92);
INSERT INTO `grade` VALUES (391, 1135100050, 67.24);
INSERT INTO `grade` VALUES (392, 1262119610, 68.49);
INSERT INTO `grade` VALUES (396, 1262120140, 75.12);
INSERT INTO `grade` VALUES (396, 1423100320, 50.29);
INSERT INTO `grade` VALUES (399, 1262109610, 65.88);
INSERT INTO `grade` VALUES (401, 1423100320, 82.96);
INSERT INTO `grade` VALUES (402, 1080006021, 63.88);
INSERT INTO `grade` VALUES (404, 1262120140, 62.37);
INSERT INTO `grade` VALUES (405, 1262119610, 91.66);
INSERT INTO `grade` VALUES (405, 1262120140, 52.88);
INSERT INTO `grade` VALUES (405, 1544100010, 67.38);
INSERT INTO `grade` VALUES (407, 1424100260, 88.46);
INSERT INTO `grade` VALUES (409, 1222102880, 88.36);
INSERT INTO `grade` VALUES (409, 1262120140, 63.14);
INSERT INTO `grade` VALUES (410, 1262119650, 50.43);
INSERT INTO `grade` VALUES (411, 1262119610, 71.67);
INSERT INTO `grade` VALUES (412, 1424100260, 94.52);
INSERT INTO `grade` VALUES (415, 1262120140, 87.36);
INSERT INTO `grade` VALUES (415, 1424100260, 62.15);
INSERT INTO `grade` VALUES (416, 1262120140, 96.64);
INSERT INTO `grade` VALUES (417, 1080006021, 64.86);
INSERT INTO `grade` VALUES (417, 1135100050, 54.48);
INSERT INTO `grade` VALUES (417, 1262908620, 58.46);
INSERT INTO `grade` VALUES (420, 1262119870, 71.08);
INSERT INTO `grade` VALUES (422, 1212102770, 85.28);
INSERT INTO `grade` VALUES (423, 1544100010, 96.67);
INSERT INTO `grade` VALUES (425, 1262109610, 80.27);
INSERT INTO `grade` VALUES (425, 1423100110, 76.52);
INSERT INTO `grade` VALUES (426, 1262109610, 81.63);
INSERT INTO `grade` VALUES (426, 1262119610, 59.82);
INSERT INTO `grade` VALUES (426, 1262120140, 60.87);
INSERT INTO `grade` VALUES (428, 1423100340, 77.54);
INSERT INTO `grade` VALUES (429, 1544100010, 61.19);
INSERT INTO `grade` VALUES (431, 1262908620, 81.28);
INSERT INTO `grade` VALUES (431, 1423100320, 97.43);
INSERT INTO `grade` VALUES (433, 1212102770, 77.42);
INSERT INTO `grade` VALUES (434, 1262908620, 66.24);
INSERT INTO `grade` VALUES (435, 1262119650, 56.20);
INSERT INTO `grade` VALUES (436, 1262120140, 85.00);
INSERT INTO `grade` VALUES (436, 1423100320, 70.35);
INSERT INTO `grade` VALUES (437, 1262119870, 96.85);
INSERT INTO `grade` VALUES (438, 1222102880, 71.42);
INSERT INTO `grade` VALUES (438, 1262109610, 71.81);
INSERT INTO `grade` VALUES (442, 1080006021, 65.46);
INSERT INTO `grade` VALUES (442, 1423100320, 52.77);
INSERT INTO `grade` VALUES (443, 1262109610, 91.02);
INSERT INTO `grade` VALUES (443, 1544100010, 98.28);
INSERT INTO `grade` VALUES (444, 1212102770, 83.27);
INSERT INTO `grade` VALUES (444, 1262119650, 68.08);
INSERT INTO `grade` VALUES (445, 1423100320, 51.24);
INSERT INTO `grade` VALUES (446, 1222102880, 66.26);
INSERT INTO `grade` VALUES (446, 1544100010, 87.53);
INSERT INTO `grade` VALUES (447, 1222102880, 77.84);
INSERT INTO `grade` VALUES (447, 1423100320, 57.65);
INSERT INTO `grade` VALUES (448, 1262119610, 79.33);
INSERT INTO `grade` VALUES (449, 1135100050, 64.62);
INSERT INTO `grade` VALUES (450, 1424100260, 50.88);
INSERT INTO `grade` VALUES (451, 1222102880, 80.48);
INSERT INTO `grade` VALUES (453, 1135100050, 77.64);
INSERT INTO `grade` VALUES (453, 1544100010, 83.79);
INSERT INTO `grade` VALUES (455, 1262119610, 80.57);
INSERT INTO `grade` VALUES (461, 1423100110, 62.15);
INSERT INTO `grade` VALUES (462, 1080006021, 74.52);
INSERT INTO `grade` VALUES (467, 1212102770, 67.24);
INSERT INTO `grade` VALUES (467, 1262119870, 66.63);
INSERT INTO `grade` VALUES (469, 1222102880, 70.18);
INSERT INTO `grade` VALUES (470, 1262119610, 53.74);
INSERT INTO `grade` VALUES (470, 1423100340, 75.24);
INSERT INTO `grade` VALUES (471, 1262120140, 57.79);
INSERT INTO `grade` VALUES (473, 1423100110, 83.16);
INSERT INTO `grade` VALUES (474, 1262119610, 93.35);
INSERT INTO `grade` VALUES (475, 1424100260, 69.79);
INSERT INTO `grade` VALUES (476, 1135100050, 65.46);
INSERT INTO `grade` VALUES (477, 1262908620, 95.78);
INSERT INTO `grade` VALUES (478, 1222102880, 70.16);
INSERT INTO `grade` VALUES (479, 1212102770, 89.86);
INSERT INTO `grade` VALUES (479, 1222102880, 90.18);
INSERT INTO `grade` VALUES (480, 1262119650, 69.62);
INSERT INTO `grade` VALUES (481, 1135100050, 68.82);
INSERT INTO `grade` VALUES (482, 1262908620, 93.61);
INSERT INTO `grade` VALUES (484, 1222102880, 98.73);
INSERT INTO `grade` VALUES (484, 1262120140, 78.66);
INSERT INTO `grade` VALUES (484, 1262908620, 71.43);
INSERT INTO `grade` VALUES (485, 1423100320, 86.44);
INSERT INTO `grade` VALUES (486, 1544100010, 54.18);
INSERT INTO `grade` VALUES (487, 1424100260, 71.25);
INSERT INTO `grade` VALUES (488, 1262119870, 91.25);
INSERT INTO `grade` VALUES (489, 1262119610, 92.56);
INSERT INTO `grade` VALUES (489, 1423100110, 62.89);
INSERT INTO `grade` VALUES (490, 1262119870, 64.41);
INSERT INTO `grade` VALUES (491, 1135100050, 89.54);
INSERT INTO `grade` VALUES (491, 1262119870, 70.72);
INSERT INTO `grade` VALUES (492, 1222102880, 53.71);
INSERT INTO `grade` VALUES (493, 1423100320, 73.48);
INSERT INTO `grade` VALUES (495, 1262119650, 67.77);
INSERT INTO `grade` VALUES (498, 1424100260, 78.81);
INSERT INTO `grade` VALUES (499, 1262908620, 65.47);
INSERT INTO `grade` VALUES (501, 1135100050, 83.25);
INSERT INTO `grade` VALUES (501, 1424100260, 62.63);
INSERT INTO `grade` VALUES (502, 1424100260, 85.55);
INSERT INTO `grade` VALUES (503, 1222102880, 86.29);
INSERT INTO `grade` VALUES (503, 1262119650, 97.19);
INSERT INTO `grade` VALUES (503, 1262119870, 93.78);
INSERT INTO `grade` VALUES (505, 1423100110, 92.22);
INSERT INTO `grade` VALUES (507, 1222102880, 58.08);
INSERT INTO `grade` VALUES (507, 1424100260, 89.65);
INSERT INTO `grade` VALUES (509, 1135100050, 85.76);
INSERT INTO `grade` VALUES (510, 1262109610, 92.22);
INSERT INTO `grade` VALUES (510, 1262119610, 82.33);
INSERT INTO `grade` VALUES (510, 1423100340, 70.79);
INSERT INTO `grade` VALUES (510, 1424100260, 99.53);
INSERT INTO `grade` VALUES (512, 1262120140, 58.52);
INSERT INTO `grade` VALUES (512, 1423100320, 77.44);
INSERT INTO `grade` VALUES (513, 1262119870, 72.21);
INSERT INTO `grade` VALUES (513, 1262908620, 62.17);
INSERT INTO `grade` VALUES (515, 1423100320, 62.24);
INSERT INTO `grade` VALUES (517, 1262119650, 89.89);
INSERT INTO `grade` VALUES (518, 1262119650, 75.65);
INSERT INTO `grade` VALUES (521, 1262908620, 85.68);
INSERT INTO `grade` VALUES (524, 1212102770, 67.83);
INSERT INTO `grade` VALUES (524, 1262119650, 58.61);
INSERT INTO `grade` VALUES (524, 1544100010, 62.38);
INSERT INTO `grade` VALUES (525, 1212102770, 74.26);
INSERT INTO `grade` VALUES (527, 1212102770, 59.35);
INSERT INTO `grade` VALUES (527, 1262119870, 97.16);
INSERT INTO `grade` VALUES (530, 1080006021, 97.31);
INSERT INTO `grade` VALUES (530, 1262120140, 82.83);
INSERT INTO `grade` VALUES (531, 1424100260, 64.26);
INSERT INTO `grade` VALUES (532, 1135100050, 66.66);
INSERT INTO `grade` VALUES (532, 1262908620, 85.73);
INSERT INTO `grade` VALUES (533, 1262119870, 69.57);
INSERT INTO `grade` VALUES (534, 1135100050, 78.77);
INSERT INTO `grade` VALUES (534, 1423100340, 54.13);
INSERT INTO `grade` VALUES (536, 1222102880, 92.39);
INSERT INTO `grade` VALUES (537, 1135100050, 71.77);
INSERT INTO `grade` VALUES (537, 1212102770, 82.71);
INSERT INTO `grade` VALUES (538, 1423100110, 78.56);
INSERT INTO `grade` VALUES (538, 1424100260, 75.13);
INSERT INTO `grade` VALUES (541, 1222102880, 81.11);
INSERT INTO `grade` VALUES (541, 1262120140, 92.48);
INSERT INTO `grade` VALUES (544, 1423100320, 94.55);
INSERT INTO `grade` VALUES (545, 1262119610, 81.97);
INSERT INTO `grade` VALUES (545, 1262119640, 58.75);
INSERT INTO `grade` VALUES (546, 1262119610, 65.92);
INSERT INTO `grade` VALUES (546, 1262119650, 82.81);
INSERT INTO `grade` VALUES (548, 1262119650, 75.32);
INSERT INTO `grade` VALUES (550, 1212102770, 50.87);
INSERT INTO `grade` VALUES (551, 1222102880, 81.57);
INSERT INTO `grade` VALUES (553, 1222102880, 54.92);
INSERT INTO `grade` VALUES (554, 1080006021, 77.65);
INSERT INTO `grade` VALUES (555, 1080006021, 80.87);
INSERT INTO `grade` VALUES (555, 1262908620, 98.52);
INSERT INTO `grade` VALUES (556, 1423100320, 76.28);
INSERT INTO `grade` VALUES (557, 1262119640, 59.85);
INSERT INTO `grade` VALUES (557, 1262908620, 93.33);
INSERT INTO `grade` VALUES (558, 1262119870, 58.15);
INSERT INTO `grade` VALUES (559, 1423100320, 68.45);
INSERT INTO `grade` VALUES (559, 1424100260, 73.65);
INSERT INTO `grade` VALUES (560, 1222102880, 77.62);
INSERT INTO `grade` VALUES (562, 1423100340, 84.86);
INSERT INTO `grade` VALUES (563, 1212102770, 56.75);
INSERT INTO `grade` VALUES (564, 1080006021, 57.34);
INSERT INTO `grade` VALUES (564, 1262119870, 62.55);
INSERT INTO `grade` VALUES (565, 1544100010, 90.61);
INSERT INTO `grade` VALUES (567, 1222102880, 95.79);
INSERT INTO `grade` VALUES (567, 1262109610, 90.64);
INSERT INTO `grade` VALUES (567, 1262120140, 52.24);
INSERT INTO `grade` VALUES (567, 1262908620, 53.83);
INSERT INTO `grade` VALUES (568, 1135100050, 69.53);
INSERT INTO `grade` VALUES (568, 1262119870, 73.64);
INSERT INTO `grade` VALUES (570, 1423100320, 64.05);
INSERT INTO `grade` VALUES (573, 1423100320, 60.04);
INSERT INTO `grade` VALUES (573, 1424100260, 65.74);
INSERT INTO `grade` VALUES (574, 1262119640, 83.45);
INSERT INTO `grade` VALUES (574, 1262119650, 65.93);
INSERT INTO `grade` VALUES (574, 1262119870, 83.14);
INSERT INTO `grade` VALUES (576, 1222102880, 80.95);
INSERT INTO `grade` VALUES (576, 1262908620, 85.85);
INSERT INTO `grade` VALUES (577, 1544100010, 90.44);
INSERT INTO `grade` VALUES (578, 1262119610, 53.53);
INSERT INTO `grade` VALUES (578, 1423100320, 77.09);
INSERT INTO `grade` VALUES (580, 1222102880, 93.64);
INSERT INTO `grade` VALUES (580, 1262119640, 93.74);
INSERT INTO `grade` VALUES (581, 1212102770, 57.85);
INSERT INTO `grade` VALUES (583, 1222102880, 70.92);
INSERT INTO `grade` VALUES (585, 1080006021, 68.38);
INSERT INTO `grade` VALUES (585, 1212102770, 77.46);
INSERT INTO `grade` VALUES (585, 1222102880, 79.22);
INSERT INTO `grade` VALUES (587, 1544100010, 56.51);
INSERT INTO `grade` VALUES (588, 1262119610, 56.32);
INSERT INTO `grade` VALUES (588, 1262119640, 69.16);
INSERT INTO `grade` VALUES (589, 1262120140, 58.98);
INSERT INTO `grade` VALUES (591, 1423100320, 73.49);
INSERT INTO `grade` VALUES (592, 1080006021, 61.75);
INSERT INTO `grade` VALUES (592, 1262119870, 95.29);
INSERT INTO `grade` VALUES (594, 1222102880, 84.99);
INSERT INTO `grade` VALUES (595, 1262119640, 72.24);
INSERT INTO `grade` VALUES (595, 1544100010, 68.68);
INSERT INTO `grade` VALUES (596, 1222102880, 97.45);
INSERT INTO `grade` VALUES (597, 1424100260, 71.52);
INSERT INTO `grade` VALUES (598, 1262119610, 66.55);
INSERT INTO `grade` VALUES (601, 1135100050, 68.34);
INSERT INTO `grade` VALUES (602, 1222102880, 59.47);
INSERT INTO `grade` VALUES (607, 1135100050, 59.16);
INSERT INTO `grade` VALUES (607, 1222102880, 85.55);
INSERT INTO `grade` VALUES (607, 1262908620, 69.62);
INSERT INTO `grade` VALUES (608, 1135100050, 93.66);
INSERT INTO `grade` VALUES (608, 1262119870, 98.24);
INSERT INTO `grade` VALUES (610, 1262119640, 59.92);
INSERT INTO `grade` VALUES (611, 1262119650, 79.35);
INSERT INTO `grade` VALUES (612, 1262119870, 64.99);
INSERT INTO `grade` VALUES (612, 1262120140, 58.21);
INSERT INTO `grade` VALUES (615, 1080006021, 80.56);
INSERT INTO `grade` VALUES (615, 1262120140, 52.33);
INSERT INTO `grade` VALUES (617, 1135100050, 86.47);
INSERT INTO `grade` VALUES (618, 1262119610, 92.82);
INSERT INTO `grade` VALUES (620, 1262119650, 75.96);
INSERT INTO `grade` VALUES (622, 1080006021, 74.41);
INSERT INTO `grade` VALUES (622, 1262908620, 91.78);
INSERT INTO `grade` VALUES (623, 1262908620, 92.13);
INSERT INTO `grade` VALUES (625, 1080006021, 89.06);
INSERT INTO `grade` VALUES (625, 1424100260, 97.63);
INSERT INTO `grade` VALUES (627, 1423100110, 77.17);
INSERT INTO `grade` VALUES (628, 1135100050, 62.45);
INSERT INTO `grade` VALUES (628, 1262119640, 68.09);
INSERT INTO `grade` VALUES (628, 1262119650, 53.62);
INSERT INTO `grade` VALUES (629, 1080006021, 89.53);
INSERT INTO `grade` VALUES (630, 1262119640, 97.08);
INSERT INTO `grade` VALUES (630, 1262908620, 77.63);
INSERT INTO `grade` VALUES (630, 1544100010, 64.46);
INSERT INTO `grade` VALUES (631, 1222102880, 63.03);
INSERT INTO `grade` VALUES (631, 1262109610, 81.24);
INSERT INTO `grade` VALUES (631, 1544100010, 86.36);
INSERT INTO `grade` VALUES (632, 1080006021, 54.87);
INSERT INTO `grade` VALUES (633, 1544100010, 54.42);
INSERT INTO `grade` VALUES (635, 1222102880, 76.46);
INSERT INTO `grade` VALUES (635, 1423100340, 87.48);
INSERT INTO `grade` VALUES (637, 1135100050, 54.68);
INSERT INTO `grade` VALUES (637, 1262119870, 55.49);
INSERT INTO `grade` VALUES (637, 1262908620, 86.76);
INSERT INTO `grade` VALUES (639, 1262908620, 90.76);
INSERT INTO `grade` VALUES (642, 1080006021, 92.65);
INSERT INTO `grade` VALUES (642, 1222102880, 64.13);
INSERT INTO `grade` VALUES (642, 1262908620, 67.31);
INSERT INTO `grade` VALUES (644, 1262119610, 65.46);
INSERT INTO `grade` VALUES (645, 1262908620, 63.22);
INSERT INTO `grade` VALUES (645, 1423100320, 69.42);
INSERT INTO `grade` VALUES (647, 1423100110, 75.35);
INSERT INTO `grade` VALUES (653, 1135100050, 70.45);
INSERT INTO `grade` VALUES (655, 1262908620, 60.37);
INSERT INTO `grade` VALUES (659, 1080006021, 92.65);
INSERT INTO `grade` VALUES (659, 1135100050, 77.84);
INSERT INTO `grade` VALUES (659, 1262908620, 91.83);
INSERT INTO `grade` VALUES (660, 1080006021, 90.13);
INSERT INTO `grade` VALUES (660, 1423100330, 97.53);
INSERT INTO `grade` VALUES (661, 1222102880, 76.34);
INSERT INTO `grade` VALUES (664, 1262119610, 64.64);
INSERT INTO `grade` VALUES (665, 1544100010, 89.04);
INSERT INTO `grade` VALUES (666, 1135100050, 56.75);
INSERT INTO `grade` VALUES (666, 1262119610, 96.67);
INSERT INTO `grade` VALUES (667, 1423100340, 99.38);
INSERT INTO `grade` VALUES (668, 1262908620, 81.64);
INSERT INTO `grade` VALUES (668, 1423100320, 94.29);
INSERT INTO `grade` VALUES (670, 1212102770, 93.41);
INSERT INTO `grade` VALUES (670, 1262119610, 55.23);
INSERT INTO `grade` VALUES (671, 1262119610, 60.58);
INSERT INTO `grade` VALUES (671, 1262119870, 70.33);

-- ----------------------------
-- Table structure for user
-- ----------------------------
DROP TABLE IF EXISTS `user`;
CREATE TABLE `user`  (
  `user_id` int(11) NOT NULL AUTO_INCREMENT COMMENT '用户id主键',
  `username` varchar(255) CHARACTER SET utf8 COLLATE utf8_general_ci NULL DEFAULT NULL COMMENT '用户账户名',
  `password` varchar(255) CHARACTER SET utf8 COLLATE utf8_general_ci NULL DEFAULT NULL COMMENT '用户账户密码',
  `user_email` varchar(255) CHARACTER SET utf8 COLLATE utf8_general_ci NULL DEFAULT NULL COMMENT '用户邮箱',
  `user_phone` varchar(11) CHARACTER SET utf8 COLLATE utf8_general_ci NULL DEFAULT NULL COMMENT '用户手机号',
  `user_address` varchar(255) CHARACTER SET utf8 COLLATE utf8_general_ci NULL DEFAULT NULL COMMENT '用户地址',
  `user_role` varchar(255) CHARACTER SET utf8 COLLATE utf8_general_ci NULL DEFAULT NULL COMMENT '用户身份',
  `user_profile` varchar(255) CHARACTER SET utf8 COLLATE utf8_general_ci NULL DEFAULT NULL COMMENT '用户头像地址',
  PRIMARY KEY (`user_id`) USING BTREE
) ENGINE = InnoDB AUTO_INCREMENT = 677 CHARACTER SET = utf8 COLLATE = utf8_general_ci ROW_FORMAT = Dynamic;

-- ----------------------------
-- Records of user
-- ----------------------------
INSERT INTO `user` VALUES (1, 'root', 'root', 'shorthair@qq.com', '14667895671', '江苏省盐城市', 'ROOT', 'http://127.0.0.1:8081/profile/b41cb897-be03-4c0a-a1d6-fb606eda3089.jpg');
INSERT INTO `user` VALUES (2, 'admin1', 'admin', 'admin1@qq.com', '15987565785', '江苏省盐城市', 'ADMINISTRATOR', 'http://127.0.0.1:8081/profile/8c716499-5e7f-49ae-900b-fef7d91548a6.jpg');
INSERT INTO `user` VALUES (3, 'admin2', 'admin', 'admin2@qq.com', '15987568546', '江苏省常州市', 'ADMINISTRATOR', 'http://127.0.0.1:8081/profile/default.png');
INSERT INTO `user` VALUES (4, 'admin3', 'admin', 'admin3@qq.com', '15987562568', '江苏省淮安市', 'ADMINISTRATOR', 'http://127.0.0.1:8081/profile/default.png');
INSERT INTO `user` VALUES (5, 'admin4', 'admin', 'admin4@qq.com', '15987563657', '江苏省扬州市', 'ADMINISTRATOR', 'http://127.0.0.1:8081/profile/default.png');
INSERT INTO `user` VALUES (6, 'admin5', 'admin', 'admin5@qq.com', '15987568578', '江苏省南京市', 'ADMINISTRATOR', 'http://127.0.0.1:8081/profile/default.png');
INSERT INTO `user` VALUES (7, 'admin6', 'admin', 'admin6@qq.com', '15987567485', '江苏省徐州市', 'ADMINISTRATOR', 'http://127.0.0.1:8081/profile/default.png');
INSERT INTO `user` VALUES (8, 'admin7', 'admin', 'admin7@qq.com', '15987567485', '江苏省盐城市', 'ADMINISTRATOR', 'http://127.0.0.1:8081/profile/default.png');
INSERT INTO `user` VALUES (9, 'admin8', 'admin', 'admin8@qq.com', '15987565855', '江苏省盐城市', 'ADMINISTRATOR', 'http://127.0.0.1:8081/profile/default.png');
INSERT INTO `user` VALUES (10, 'admin9', 'admin', 'admin9@qq.com', '15987567789', '江苏省泰州市', 'ADMINISTRATOR', 'http://127.0.0.1:8081/profile/default.png');
INSERT INTO `user` VALUES (11, 'admin10', 'admin', 'admin10@qq.com', '15987562569', '江苏省淮安市', 'ADMINISTRATOR', 'http://127.0.0.1:8081/profile/default.png');
INSERT INTO `user` VALUES (13, 'admin12', 'admin', 'admin12@qq.com', '15987562571', '江苏省南京市', 'ADMINISTRATOR', 'http://127.0.0.1:8081/profile/default.png');
INSERT INTO `user` VALUES (14, 'admin13', 'admin', 'admin13@qq.com', '15987562572', '江苏省徐州市', 'ADMINISTRATOR', 'http://127.0.0.1:8081/profile/default.png');
INSERT INTO `user` VALUES (15, 'admin14', 'admin', 'admin14@qq.com', '15987562573', '江苏省常州市', 'ADMINISTRATOR', 'http://127.0.0.1:8081/profile/default.png');
INSERT INTO `user` VALUES (16, 'admin15', 'admin', 'admin15@qq.com', '15987562574', '江苏省无锡市', 'ADMINISTRATOR', 'http://127.0.0.1:8081/profile/default.png');
INSERT INTO `user` VALUES (17, 'admin16', 'admin', 'admin16@qq.com', '15987562575', '江苏省镇江市', 'ADMINISTRATOR', 'http://127.0.0.1:8081/profile/default.png');
INSERT INTO `user` VALUES (19, 'admin18', 'admin', 'admin18@qq.com', '15987562577', '江苏省南京市', 'ADMINISTRATOR', 'http://127.0.0.1:8081/profile/default.png');
INSERT INTO `user` VALUES (20, 'admin19', 'admin', 'admin19@qq.com', '15987562578', '江苏省徐州市', 'ADMINISTRATOR', 'http://127.0.0.1:8081/profile/default.png');
INSERT INTO `user` VALUES (21, 'admin20', 'admin', 'admin20@qq.com', '15987562579', '江苏省常州市', 'ADMINISTRATOR', 'http://127.0.0.1:8081/profile/default.png');
INSERT INTO `user` VALUES (22, 'admin21', 'admin', 'admin21@qq.com', '15987562580', '江苏省无锡市', 'ADMINISTRATOR', 'http://127.0.0.1:8081/profile/default.png');
INSERT INTO `user` VALUES (23, 'longhair', 'longhair', 'longhair@qq.com', '13569857459', '江苏省泰州市', 'NORMAL', 'http://127.0.0.1:8081/profile/default.png');
INSERT INTO `user` VALUES (24, 'shorthair1', 'shorthair1', 'shorthair1@qq.com', '13569858569', '江苏省连云港市', 'NORMAL', 'http://127.0.0.1:8081/profile/default.png');
INSERT INTO `user` VALUES (25, 'nightmare1', 'nightmare1', 'nightmare1@qq.com', '13569855896', '江苏省泰州市', 'NORMAL', 'http://127.0.0.1:8081/profile/default.png');
INSERT INTO `user` VALUES (26, 'luckyboy1', 'luckyboy1', 'luckyboy1@qq.com', '14667895671', '江苏省常州市', 'NORMAL', 'http://127.0.0.1:8081/profile/default.png');
INSERT INTO `user` VALUES (27, 'noobyao1', 'noobyao1', 'noobyao1@qq.com', '15987565785', '江苏省扬州市', 'NORMAL', 'http://127.0.0.1:8081/profile/default.png');
INSERT INTO `user` VALUES (28, 'codingqiang1', 'codingqiang1', 'codingqiang1@qq.com', '15987568546', '江苏省常州市', 'NORMAL', 'http://127.0.0.1:8081/profile/default.png');
INSERT INTO `user` VALUES (29, 'shorthair2', 'shorthair2', 'shorthair2@qq.com', '15987562568', '江苏省徐州市', 'NORMAL', 'http://127.0.0.1:8081/profile/default.png');
INSERT INTO `user` VALUES (30, 'nightmare2', 'nightmare2', 'nightmare2@qq.com', '15987563657', '江苏省盐城市', 'NORMAL', 'http://127.0.0.1:8081/profile/default.png');
INSERT INTO `user` VALUES (31, 'luckyboy2', 'luckyboy2', 'luckyboy2@qq.com', '15987568578', '江苏省宿迁市', 'NORMAL', 'http://127.0.0.1:8081/profile/default.png');
INSERT INTO `user` VALUES (32, 'noobyao2', 'noobyao2', 'noobyao2@qq.com', '15987567485', '江苏省盐城市', 'NORMAL', 'http://127.0.0.1:8081/profile/default.png');
INSERT INTO `user` VALUES (33, 'codingqiang2', 'codingqiang2', 'codingqiang3@qq.com', '15987567485', '江苏省宿迁市', 'NORMAL', 'http://127.0.0.1:8081/profile/default.png');
INSERT INTO `user` VALUES (34, 'shorthair3', 'shorthair3', 'shorthair3@qq.com', '15987565855', '江苏省泰州市', 'NORMAL', 'http://127.0.0.1:8081/profile/default.png');
INSERT INTO `user` VALUES (35, 'nightmare3', 'nightmare3', 'nightmare3@qq.com', '15987567789', '江苏省常州市', 'NORMAL', 'http://127.0.0.1:8081/profile/default.png');
INSERT INTO `user` VALUES (36, 'luckyboy3', 'luckyboy3', 'luckyboy3@qq.com', '15987562569', '江苏省扬州市', 'NORMAL', 'http://127.0.0.1:8081/profile/default.png');
INSERT INTO `user` VALUES (37, 'noobyao3', 'noobyao3', 'noobyao3@qq.com', '15987562570', '江苏省南京市', 'NORMAL', 'http://127.0.0.1:8081/profile/default.png');
INSERT INTO `user` VALUES (38, 'codingqiang3', 'codingqiang3', 'codingqiang3@qq.com', '15987562571', '江苏省徐州市', 'NORMAL', 'http://127.0.0.1:8081/profile/default.png');
INSERT INTO `user` VALUES (39, 'shorthair4', 'shorthair4', 'shorthair4@qq.com', '15987562572', '江苏省连云港市', 'NORMAL', 'http://127.0.0.1:8081/profile/default.png');
INSERT INTO `user` VALUES (40, 'nightmare4', 'nightmare4', 'nightmare4@qq.com', '15987562573', '江苏省连云港市', 'NORMAL', 'http://127.0.0.1:8081/profile/default.png');
INSERT INTO `user` VALUES (41, 'luckyboy4', 'luckyboy4', 'luckyboy4@qq.com', '15987562574', '江苏省泰州市', 'NORMAL', 'http://127.0.0.1:8081/profile/default.png');
INSERT INTO `user` VALUES (42, 'noobyao4', 'noobyao4', 'noobyao4@qq.com', '15987562575', '江苏省常州市', 'NORMAL', 'http://127.0.0.1:8081/profile/default.png');
INSERT INTO `user` VALUES (43, 'codingqiang4', 'codingqiang4', 'codingqiang4@qq.com', '15987562576', '江苏省扬州市', 'NORMAL', 'http://127.0.0.1:8081/profile/default.png');
INSERT INTO `user` VALUES (44, 'shorthair5', 'shorthair5', 'shorthair5@qq.com', '15987562577', '江苏省常州市', 'NORMAL', 'http://127.0.0.1:8081/profile/default.png');
INSERT INTO `user` VALUES (45, 'nightmare5', 'nightmare5', 'nightmare5@qq.com', '15987562578', '江苏省盐城市', 'NORMAL', 'http://127.0.0.1:8081/profile/default.png');
INSERT INTO `user` VALUES (46, 'luckyboy5', 'luckyboy5', 'luckyboy5@qq.com', '15987562579', '江苏省盐城市', 'NORMAL', 'http://127.0.0.1:8081/profile/default.png');
INSERT INTO `user` VALUES (47, 'noobyao5', 'noobyao5', 'noobyao5@qq.com', '15987562580', '江苏省泰州市', 'NORMAL', 'http://127.0.0.1:8081/profile/default.png');
INSERT INTO `user` VALUES (48, 'codingqiang5', 'codingqiang5', 'codingqiang5@qq.com', '13569857459', '江苏省淮安市', 'NORMAL', 'http://127.0.0.1:8081/profile/default.png');
INSERT INTO `user` VALUES (49, 'shorthair6', 'shorthair6', 'shorthair6@qq.com', '13569858569', '江苏省扬州市', 'NORMAL', 'http://127.0.0.1:8081/profile/default.png');
INSERT INTO `user` VALUES (50, 'nightmare6', 'nightmare6', 'nightmare6@qq.com', '13569855896', '江苏省南京市', 'NORMAL', 'http://127.0.0.1:8081/profile/default.png');
INSERT INTO `user` VALUES (51, 'luckyboy6', 'luckyboy6', 'luckyboy6@qq.com', '13555232365', '江苏省徐州市', 'NORMAL', 'http://127.0.0.1:8081/profile/default.png');
INSERT INTO `user` VALUES (52, 'noobyao6', 'noobyao6', 'noobyao6@qq.com', '13555232365', '江苏省盐城市', 'NORMAL', 'http://127.0.0.1:8081/profile/default.png');
INSERT INTO `user` VALUES (53, 'codingqiang6', 'codingqiang6', 'codingqiang6@qq.com', '13555232365', '江苏省盐城市', 'NORMAL', 'http://127.0.0.1:8081/profile/default.png');
INSERT INTO `user` VALUES (54, 'Angela Moore', 'fkdqwettqe', 'd.qnrurifp@hmoduuj.bi', '77346938', '江苏省苏州市', 'NORMAL', 'http://127.0.0.1:8081/profile/default.png');
INSERT INTO `user` VALUES (55, 'James Robinson', 'eulc', 'i.xylyhzu@jkmaohurb.am', '81684477', '江苏省苏州市', 'NORMAL', 'http://127.0.0.1:8081/profile/default.png');
INSERT INTO `user` VALUES (56, 'Joseph Johnson', 'gcqdfpyfykjjy', 'q.amoxmhk@wfuuopxx.jo', '75524240', '江苏省南通市', 'NORMAL', 'http://127.0.0.1:8081/profile/default.png');
INSERT INTO `user` VALUES (57, 'Amy Brown', 'tvkbetrktrh', 'r.bkno@otdtkr.hr', '60472384', '江苏省南通市', 'NORMAL', 'http://127.0.0.1:8081/profile/default.png');
INSERT INTO `user` VALUES (58, 'William Thomas', 'vzfhyytxetvlwmg', 'g.gslbzmqk@syodmuqj.qa', '75893885', '江苏省南通市', 'NORMAL', 'http://127.0.0.1:8081/profile/default.png');
INSERT INTO `user` VALUES (59, 'Lisa Garcia', 'ppkowgnelcs', 'o.tzupkn@rfphtcx.ni', '52778730', '江苏省南通市', 'NORMAL', 'http://127.0.0.1:8081/profile/default.png');
INSERT INTO `user` VALUES (60, 'Daniel Jones', 'bml', 'd.sivcfn@ckevb.tt', '16791732', '江苏省南通市', 'NORMAL', 'http://127.0.0.1:8081/profile/default.png');
INSERT INTO `user` VALUES (61, 'Michael Moore', 'ylqqioxdp', 'p.vxshl@tfnqgmhz.az', '77195653', '江苏省南京市', 'NORMAL', 'http://127.0.0.1:8081/profile/default.png');
INSERT INTO `user` VALUES (62, 'Scott Robinson', 'qbzc', 'e.wyf@sti.kh', '43401767', '江苏省盐城市', 'NORMAL', 'http://127.0.0.1:8081/profile/default.png');
INSERT INTO `user` VALUES (63, 'Susan Brown', 'etsjfzq', 'a.livmx@tmjusywki.my', '90868937', '江苏省盐城市', 'NORMAL', 'http://127.0.0.1:8081/profile/default.png');
INSERT INTO `user` VALUES (64, 'Kenneth Jones', 'evmugdbma', 'l.gfsacdi@odfwwifb.co', '15566024', '江苏省宿迁市', 'NORMAL', 'http://127.0.0.1:8081/profile/default.png');
INSERT INTO `user` VALUES (65, 'Elizabeth Rodriguez', 'yepmvvm', 'm.acvwornc@erqefnmdc.cq', '88070319', '江苏省泰州市', 'NORMAL', 'http://127.0.0.1:8081/profile/default.png');
INSERT INTO `user` VALUES (66, 'Maria Hall', 'jwzsjywdag', 'f.ddjlt@qpynf.wf', '15437483', '江苏省淮安市', 'NORMAL', 'http://127.0.0.1:8081/profile/default.png');
INSERT INTO `user` VALUES (67, 'Deborah Harris', 'vheevtvsuw', 'm.sdmjgtgt@lbmlxo.net.cn', '00612462', '江苏省扬州市', 'NORMAL', 'http://127.0.0.1:8081/profile/default.png');
INSERT INTO `user` VALUES (68, 'Betty Perez', 'fhqggblbwtp', 'f.hnxr@mcwqwky.gn', '94234102', '江苏省南通市', 'NORMAL', 'http://127.0.0.1:8081/profile/default.png');
INSERT INTO `user` VALUES (69, 'Larry Clark', 'ssyoto', 'o.jmmbtorfe@omjxrr.my', '07641757', '江苏省南通市', 'NORMAL', 'http://127.0.0.1:8081/profile/default.png');
INSERT INTO `user` VALUES (70, 'Thomas Smith', 'ixjlgkervcqa', 'x.dcqo@ofilo.gu', '34526274', '江苏省苏州市', 'NORMAL', 'http://127.0.0.1:8081/profile/default.png');
INSERT INTO `user` VALUES (71, 'Michael Brown', 'icnqiyj', 'y.bcvj@nvmvmscd.dz', '87643683', '江苏省苏州市', 'NORMAL', 'http://127.0.0.1:8081/profile/default.png');
INSERT INTO `user` VALUES (72, 'Betty Robinson', 'wbpwfqtwhs', 'k.torb@zrnduuh.name', '15124872', '江苏省南通市', 'NORMAL', 'http://127.0.0.1:8081/profile/default.png');
INSERT INTO `user` VALUES (73, 'Patricia Perez', 'bebnensukqs', 't.jhdg@belpacd.ms', '71780158', '江苏省南通市', 'NORMAL', 'http://127.0.0.1:8081/profile/default.png');
INSERT INTO `user` VALUES (74, 'Edward Taylor', 'cpih', 'r.btpfiqe@qqicmjgvv.zm', '34666977', '江苏省南通市', 'NORMAL', 'http://127.0.0.1:8081/profile/default.png');
INSERT INTO `user` VALUES (75, 'Jeffrey Williams', 'jqsshljvc', 'i.niwggpq@pykjlhkc.vn', '45280525', '江苏省南通市', 'NORMAL', 'http://127.0.0.1:8081/profile/default.png');
INSERT INTO `user` VALUES (76, 'Robert Jones', 'tvejmqkwhjblc', 'p.okm@sigqff.gy', '48034723', '江苏省南通市', 'NORMAL', 'http://127.0.0.1:8081/profile/default.png');
INSERT INTO `user` VALUES (77, 'Charles Robinson', 'iknsh', 'y.pxkcwwex@vcmfhu.ki', '83660612', '江苏省南京市', 'NORMAL', 'http://127.0.0.1:8081/profile/default.png');
INSERT INTO `user` VALUES (78, 'Matthew Davis', 'fhaepdoogj', 'g.rqsbou@wxhpfsqxe.pw', '60345274', '江苏省盐城市', 'NORMAL', 'http://127.0.0.1:8081/profile/default.png');
INSERT INTO `user` VALUES (79, 'Christopher Miller', 'kvofpzomvutlvv', 'y.sleykqk@wpuu.be', '07563004', '江苏省盐城市', 'NORMAL', 'http://127.0.0.1:8081/profile/default.png');
INSERT INTO `user` VALUES (80, 'Melissa Thompson', 'cmsikricmpilgv', 'd.rug@orpro.fm', '86047374', '江苏省宿迁市', 'NORMAL', 'http://127.0.0.1:8081/profile/default.png');
INSERT INTO `user` VALUES (81, 'William Thompson', 'javpbrfgdqc', 'z.djjpyyao@rjjqy.mil', '17018877', '江苏省泰州市', 'NORMAL', 'http://127.0.0.1:8081/profile/default.png');
INSERT INTO `user` VALUES (82, 'Michelle Brown', 'wspp', 'd.htxrrl@jesvppar.mt', '38362199', '江苏省淮安市', 'NORMAL', 'http://127.0.0.1:8081/profile/default.png');
INSERT INTO `user` VALUES (83, 'Melissa Hall', 'mwwfwunfbcz', 'c.gshwcj@wqoocs.cg', '82761867', '江苏省扬州市', 'NORMAL', 'http://127.0.0.1:8081/profile/default.png');
INSERT INTO `user` VALUES (84, 'Nancy Jones', 'hwgo', 'g.eeaditwf@rakw.sa', '44301546', '江苏省盐城市', 'NORMAL', 'http://127.0.0.1:8081/profile/default.png');
INSERT INTO `user` VALUES (85, 'Carol Robinson', 'epjnnyphumrot', 'm.ypooczoqe@sixr.zw', '64139077', '江苏省连云港市', 'NORMAL', 'http://127.0.0.1:8081/profile/default.png');
INSERT INTO `user` VALUES (86, 'Nancy Perez', 'sxmssfzxtluhnq', 'p.johxugh@kwjxb.ms', '55272071', '江苏省泰州市', 'NORMAL', 'http://127.0.0.1:8081/profile/default.png');
INSERT INTO `user` VALUES (87, 'Jeffrey Allen', 'llwskiosfvj', 't.jwwoegptk@wpdx.tt', '32682644', '江苏省淮安市', 'NORMAL', 'http://127.0.0.1:8081/profile/default.png');
INSERT INTO `user` VALUES (88, 'Donna Harris', 'edjqgwxgsici', 'r.jeuf@xfyrjt.ml', '64633249', '江苏省扬州市', 'NORMAL', 'http://127.0.0.1:8081/profile/default.png');
INSERT INTO `user` VALUES (89, 'Richard Hernandez', 'jkttyletqwueoz', 'u.iln@fyllyndqe.vu', '12158195', '江苏省南京市', 'NORMAL', 'http://127.0.0.1:8081/profile/default.png');
INSERT INTO `user` VALUES (90, 'Elizabeth Thompson', 'xziw', 'e.mmmdwynw@cnhnbku.ch', '32610568', '江苏省徐州市', 'NORMAL', 'http://127.0.0.1:8081/profile/default.png');
INSERT INTO `user` VALUES (91, 'Thomas Rodriguez', 'owbbce', 'l.hjqppxdo@qqkl.sl', '93638571', '江苏省盐城市', 'NORMAL', 'http://127.0.0.1:8081/profile/default.png');
INSERT INTO `user` VALUES (92, 'Patricia Johnson', 'frdchaxfcfmwrl', 's.jsge@bfdxguljb.sm', '44864062', '江苏省宿迁市', 'NORMAL', 'http://127.0.0.1:8081/profile/default.png');
INSERT INTO `user` VALUES (93, 'Sharon Walker', 'rltktosyv', 'z.gwdwksawic@pnqptfbaxx.org', '36378578', '江苏省盐城市', 'NORMAL', 'http://127.0.0.1:8081/profile/default.png');
INSERT INTO `user` VALUES (94, 'Steven Wilson', 'tcdwjdplrija', 'i.rgwfmt@syuo.as', '50664833', '江苏省宿迁市', 'NORMAL', 'http://127.0.0.1:8081/profile/default.png');
INSERT INTO `user` VALUES (95, 'James Clark', 'qkqiwyioc', 'h.qoqdpfn@kheohl.zm', '61795425', '江苏省泰州市', 'NORMAL', 'http://127.0.0.1:8081/profile/default.png');
INSERT INTO `user` VALUES (96, 'Kimberly Martin', 'xnvd', 'n.zzdkfu@quudlt.uy', '28612612', '江苏省淮安市', 'NORMAL', 'http://127.0.0.1:8081/profile/default.png');
INSERT INTO `user` VALUES (97, 'Matthew Brown', 'kmodqbscdryju', 'v.vligvkh@pexslyfam.kz', '90322787', '江苏省扬州市', 'NORMAL', 'http://127.0.0.1:8081/profile/default.png');
INSERT INTO `user` VALUES (98, 'Donald Thompson', 'ufgo', 'g.edykde@tgzixgb.mq', '27238011', '江苏省南京市', 'NORMAL', 'http://127.0.0.1:8081/profile/default.png');
INSERT INTO `user` VALUES (99, 'Helen Brown', 'uexxylwnwf', 'p.ccxo@ykdgevw.se', '67335943', '江苏省徐州市', 'NORMAL', 'http://127.0.0.1:8081/profile/default.png');
INSERT INTO `user` VALUES (100, 'Larry Martin', 'xjmlvlerxmfiusb', 'd.wclopvji@ykshdc.lb', '82390283', '江苏省连云港市', 'NORMAL', 'http://127.0.0.1:8081/profile/default.png');
INSERT INTO `user` VALUES (101, 'Susan Jones', 'tboklwnce', 'i.nihfn@uqsfvl.tv', '90305286', '江苏省连云港市', 'NORMAL', 'http://127.0.0.1:8081/profile/default.png');
INSERT INTO `user` VALUES (102, 'Kimberly Lopez', 'gnae', 'r.yrknv@cwfjvx.hm', '11718651', '江苏省泰州市', 'NORMAL', 'http://127.0.0.1:8081/profile/default.png');
INSERT INTO `user` VALUES (103, 'Elizabeth Lee', 'vyjke', 'r.ukaite@nqqyowl.ae', '84847036', '江苏省淮安市', 'NORMAL', 'http://127.0.0.1:8081/profile/default.png');
INSERT INTO `user` VALUES (104, 'Helen Lee', 'itjctqixpvu', 'w.npkscl@ysjweecp.ao', '89888414', '江苏省扬州市', 'NORMAL', 'http://127.0.0.1:8081/profile/default.png');
INSERT INTO `user` VALUES (105, 'Sandra Jones', 'dsjlwo', 'b.ilwboy@fexcyiw.za', '81684799', '江苏省南京市', 'NORMAL', 'http://127.0.0.1:8081/profile/default.png');
INSERT INTO `user` VALUES (106, 'John White', 'myqiakfkw', 'd.zenhtpsm@yklswra.mg', '92795726', '江苏省盐城市', 'NORMAL', 'http://127.0.0.1:8081/profile/default.png');
INSERT INTO `user` VALUES (107, 'Sandra Lopez', 'ihvrixzt', 'l.pduduzoo@fxfgdyhnn.mt', '24625873', '江苏省盐城市', 'NORMAL', 'http://127.0.0.1:8081/profile/default.png');
INSERT INTO `user` VALUES (108, 'Thomas Johnson', 'vogr', 'j.wlib@ldwjpredj.ga', '27082871', '江苏省泰州市', 'NORMAL', 'http://127.0.0.1:8081/profile/default.png');
INSERT INTO `user` VALUES (109, 'Sarah Young', 'zlkuynwovqhzp', 'c.nwy@tprnteox.ke', '59824936', '江苏省淮安市', 'NORMAL', 'http://127.0.0.1:8081/profile/default.png');
INSERT INTO `user` VALUES (110, 'Paul Brown', 'kjnfc', 'i.qfhizjqeg@ghjxnqhu.gf', '17391432', '江苏省扬州市', 'NORMAL', 'http://127.0.0.1:8081/profile/default.png');
INSERT INTO `user` VALUES (111, 'Frank Davis', 'ikwybwtliodjo', 'm.islmg@knsbhi.su', '67001590', '江苏省南京市', 'NORMAL', 'http://127.0.0.1:8081/profile/default.png');
INSERT INTO `user` VALUES (112, 'Melissa Perez', 'tjrfd', 'n.vwtpwn@xnxzncakv.pf', '92678614', '江苏省徐州市', 'NORMAL', 'http://127.0.0.1:8081/profile/default.png');
INSERT INTO `user` VALUES (113, 'David Perez', 'yggqmyknn', 'q.rdhvufrlf@hlvdqq.cc', '97178473', '江苏省盐城市', 'NORMAL', 'http://127.0.0.1:8081/profile/default.png');
INSERT INTO `user` VALUES (114, 'Paul Johnson', 'lukz', 'g.qhuhj@ilgoxcbve.cq', '48888171', '江苏省盐城市', 'NORMAL', 'http://127.0.0.1:8081/profile/default.png');
INSERT INTO `user` VALUES (115, 'James Johnson', 'qnuq', 'w.ltuwmrq@qsefniims.bj', '75858839', '江苏省苏州市', 'NORMAL', 'http://127.0.0.1:8081/profile/default.png');
INSERT INTO `user` VALUES (116, 'Helen Jackson', 'ampxbaqr', 'a.rvewqx@jjfoxdati.om', '16816505', '江苏省苏州市', 'NORMAL', 'http://127.0.0.1:8081/profile/default.png');
INSERT INTO `user` VALUES (117, 'James Anderson', 'ryndxpdthzrw', 'w.hwvitpo@lxk.pa', '74961977', '江苏省南通市', 'NORMAL', 'http://127.0.0.1:8081/profile/default.png');
INSERT INTO `user` VALUES (118, 'Lisa White', 'olq', 'i.lpng@soilqloy.sl', '45411614', '江苏省南通市', 'NORMAL', 'http://127.0.0.1:8081/profile/default.png');
INSERT INTO `user` VALUES (119, 'Edward Lee', 'vcuhzpxmfnjij', 't.txhix@chx.gm', '56259547', '江苏省南通市', 'NORMAL', 'http://127.0.0.1:8081/profile/default.png');
INSERT INTO `user` VALUES (120, 'Daniel Thomas', 'ymptglcttyqw', 'b.yhlr@xwnrx.dk', '68632185', '江苏省南通市', 'NORMAL', 'http://127.0.0.1:8081/profile/default.png');
INSERT INTO `user` VALUES (121, 'Jennifer Thomas', 'nsrl', 'u.gtnnyyqkf@cwze.gt', '66248850', '江苏省南通市', 'NORMAL', 'http://127.0.0.1:8081/profile/default.png');
INSERT INTO `user` VALUES (122, 'Daniel Clark', 'jqkwmjdy', 'l.lobcnwis@dqog.lu', '84421176', '江苏省南京市', 'NORMAL', 'http://127.0.0.1:8081/profile/default.png');
INSERT INTO `user` VALUES (123, 'Larry Robinson', 'lwldelitkoemcr', 'u.uqpr@hyxd.hu', '33434050', '江苏省盐城市', 'NORMAL', 'http://127.0.0.1:8081/profile/default.png');
INSERT INTO `user` VALUES (124, 'Robert Jones', 'vgcimbemfbvg', 'e.xageg@ijxzqgz.mx', '82874438', '江苏省盐城市', 'NORMAL', 'http://127.0.0.1:8081/profile/default.png');
INSERT INTO `user` VALUES (125, 'James Martin', 'qkuir', 'u.huwb@gwgphunyt.qa', '56785181', '江苏省宿迁市', 'NORMAL', 'http://127.0.0.1:8081/profile/default.png');
INSERT INTO `user` VALUES (126, 'Dorothy Smith', 'uwydurtycw', 'm.rwanihi@anovvri.lk', '88668461', '江苏省泰州市', 'NORMAL', 'http://127.0.0.1:8081/profile/default.png');
INSERT INTO `user` VALUES (127, 'Lisa Johnson', 'kxslnhbjlg', 't.ucx@jyecgosio.pr', '49681255', '江苏省淮安市', 'NORMAL', 'http://127.0.0.1:8081/profile/default.png');
INSERT INTO `user` VALUES (128, 'Paul Johnson', 'xfubqumihwmcts', 's.ngb@jfhfcb.mc', '17911428', '江苏省扬州市', 'NORMAL', 'http://127.0.0.1:8081/profile/default.png');
INSERT INTO `user` VALUES (129, 'Gary Gonzalez', 'gryru', 's.rnzyjqos@dqsfgqkjxk.mz', '26333936', '江苏省南通市', 'NORMAL', 'http://127.0.0.1:8081/profile/default.png');
INSERT INTO `user` VALUES (130, 'Brenda Gonzalez', 'ntme', 'p.rlylyyn@hkeoj.kh', '44507553', '江苏省南通市', 'NORMAL', 'http://127.0.0.1:8081/profile/default.png');
INSERT INTO `user` VALUES (131, 'Melissa Anderson', 'mwfua', 'm.xwjqhqxns@eplrtuhj.ug', '58764188', '江苏省苏州市', 'NORMAL', 'http://127.0.0.1:8081/profile/default.png');
INSERT INTO `user` VALUES (132, 'Sharon Anderson', 'meqvxpjxrhtmw', 'g.pfwhaufw@qqxbei.su', '94735841', '江苏省苏州市', 'NORMAL', 'http://127.0.0.1:8081/profile/default.png');
INSERT INTO `user` VALUES (133, 'Anthony Robinson', 'kxtf', 'w.dqeudco@xroqeuo.no', '92895184', '江苏省南通市', 'NORMAL', 'http://127.0.0.1:8081/profile/default.png');
INSERT INTO `user` VALUES (134, 'Laura Brown', 'pyrw', 'y.nfwr@ttqqqq.ni', '16373161', '江苏省南通市', 'NORMAL', 'http://127.0.0.1:8081/profile/default.png');
INSERT INTO `user` VALUES (135, 'Richard Thomas', 'ihcfdhntdsmxx', 't.mnrhqzqx@luvgcduym.coop', '52567684', '江苏省南通市', 'NORMAL', 'http://127.0.0.1:8081/profile/default.png');
INSERT INTO `user` VALUES (136, 'Brian Robinson', 'wxoxjberbbjqxq', 'q.rfiubbr@cpfzdky.org.cn', '61391895', '江苏省南通市', 'NORMAL', 'http://127.0.0.1:8081/profile/default.png');
INSERT INTO `user` VALUES (137, 'Jose Thompson', 'fjecadqdymsgnxh', 'o.ldcu@pwxqoxxudl.tv', '32755644', '江苏省南通市', 'NORMAL', 'http://127.0.0.1:8081/profile/default.png');
INSERT INTO `user` VALUES (138, 'Robert Johnson', 'ilxxkpvtdfxfdt', 'w.tpxsxm@jjotmd.ru', '23358817', '江苏省南京市', 'NORMAL', 'http://127.0.0.1:8081/profile/default.png');
INSERT INTO `user` VALUES (139, 'Gary Garcia', 'tktbwpwgnm', 'r.teffs@dzpx.中国互联.公司', '25837963', '江苏省盐城市', 'NORMAL', 'http://127.0.0.1:8081/profile/default.png');
INSERT INTO `user` VALUES (140, 'Ruth Davis', 'aohwc', 'v.agtwg@sjavgernmm.ne', '63158764', '江苏省盐城市', 'NORMAL', 'http://127.0.0.1:8081/profile/default.png');
INSERT INTO `user` VALUES (141, 'Gary Walker', 'pbcfdrvspwdtzd', 'h.swmdmcqcwb@kdsgpl.cm', '25605842', '江苏省宿迁市', 'NORMAL', 'http://127.0.0.1:8081/profile/default.png');
INSERT INTO `user` VALUES (142, 'Laura Brown', 'hbhvofblktq', 'v.egmtgnpcm@uxllw.by', '37264764', '江苏省泰州市', 'NORMAL', 'http://127.0.0.1:8081/profile/default.png');
INSERT INTO `user` VALUES (143, 'Margaret Hall', 'qjjqgoncc', 'm.orhi@xspftag.ck', '36767576', '江苏省淮安市', 'NORMAL', 'http://127.0.0.1:8081/profile/default.png');
INSERT INTO `user` VALUES (144, 'Mark Lopez', 'simvenamsccom', 'l.snzyoea@onlgsriq.st', '82282766', '江苏省扬州市', 'NORMAL', 'http://127.0.0.1:8081/profile/default.png');
INSERT INTO `user` VALUES (145, 'Laura Anderson', 'nyi', 'o.ikoyy@xhmfrh.cu', '34624674', '江苏省盐城市', 'NORMAL', 'http://127.0.0.1:8081/profile/default.png');
INSERT INTO `user` VALUES (146, 'Ronald Lopez', 'iwfwgmpj', 't.fqmtjdki@rpsrq.mx', '26271750', '江苏省连云港市', 'NORMAL', 'http://127.0.0.1:8081/profile/default.png');
INSERT INTO `user` VALUES (147, 'Jeffrey Johnson', 'wdnsctfexhiwws', 'h.lsyrbxfi@jojiui.mil', '38912119', '江苏省泰州市', 'NORMAL', 'http://127.0.0.1:8081/profile/default.png');
INSERT INTO `user` VALUES (148, 'Anthony Moore', 'woikrugxnn', 'b.vckmbu@kxrpepjxn.ua', '36624571', '江苏省淮安市', 'NORMAL', 'http://127.0.0.1:8081/profile/default.png');
INSERT INTO `user` VALUES (149, 'Christopher Taylor', 'oxsezdwusrp', 's.atrbuxq@xxk.mw', '85389743', '江苏省扬州市', 'NORMAL', 'http://127.0.0.1:8081/profile/default.png');
INSERT INTO `user` VALUES (150, 'Brian Hall', 'ocvtnw', 'g.drmrs@eervijre.bm', '47524121', '江苏省南京市', 'NORMAL', 'http://127.0.0.1:8081/profile/default.png');
INSERT INTO `user` VALUES (151, 'Mary Allen', 'hybijdrtbffc', 'a.usqdv@smnxz.it', '75482326', '江苏省徐州市', 'NORMAL', 'http://127.0.0.1:8081/profile/default.png');
INSERT INTO `user` VALUES (152, 'Paul Hernandez', 'wksgywhp', 'g.mmfsetls@kuigx.nz', '27431542', '江苏省盐城市', 'NORMAL', 'http://127.0.0.1:8081/profile/default.png');
INSERT INTO `user` VALUES (153, 'Donna Harris', 'udkswlgkr', 'i.tgvgvwsa@pqesa.au', '15092715', '江苏省宿迁市', 'NORMAL', 'http://127.0.0.1:8081/profile/default.png');
INSERT INTO `user` VALUES (154, 'Melissa Wilson', 'jjfofyvllzvzspf', 'i.reybehnr@llsoxb.ug', '65533827', '江苏省盐城市', 'NORMAL', 'http://127.0.0.1:8081/profile/default.png');
INSERT INTO `user` VALUES (155, 'Carol Anderson', 'rhmkzhnrnn', 'j.vhfehokuf@xavh.ky', '48841980', '江苏省宿迁市', 'NORMAL', 'http://127.0.0.1:8081/profile/default.png');
INSERT INTO `user` VALUES (156, 'Nancy Thomas', 'gpxekvdnktbwnp', 'm.wpnfpnqf@jqdlfnnrfh.cz', '03176633', '江苏省泰州市', 'NORMAL', 'http://127.0.0.1:8081/profile/default.png');
INSERT INTO `user` VALUES (157, 'Melissa Walker', 'znr', 'v.rmbqcrpfd@tnmoy.dz', '59144965', '江苏省淮安市', 'NORMAL', 'http://127.0.0.1:8081/profile/default.png');
INSERT INTO `user` VALUES (158, 'Margaret Martinez', 'hyrcw', 'h.dwlci@vpfemro.lu', '19635828', '江苏省扬州市', 'NORMAL', 'http://127.0.0.1:8081/profile/default.png');
INSERT INTO `user` VALUES (159, 'Ruth Gonzalez', 'jcndtbls', 'w.uuauem@cvkotts.id', '44538748', '江苏省南京市', 'NORMAL', 'http://127.0.0.1:8081/profile/default.png');
INSERT INTO `user` VALUES (160, 'Carol Moore', 'ullxekmen', 'k.tvvewbmi@kcasbs.do', '23643482', '江苏省徐州市', 'NORMAL', 'http://127.0.0.1:8081/profile/default.png');
INSERT INTO `user` VALUES (161, 'Deborah Brown', 'oyws', 'v.wqgkfsic@ijcthmvvi.ru', '56348632', '江苏省连云港市', 'NORMAL', 'http://127.0.0.1:8081/profile/default.png');
INSERT INTO `user` VALUES (162, 'Dorothy White', 'gnzpajpjaa', 'k.ugz@yansg.gd', '35252251', '江苏省连云港市', 'NORMAL', 'http://127.0.0.1:8081/profile/default.png');
INSERT INTO `user` VALUES (163, 'Elizabeth Thomas', 'xpghndlbfhsly', 'l.rkhxcfzb@lwspfjr.pl', '38588485', '江苏省泰州市', 'NORMAL', 'http://127.0.0.1:8081/profile/default.png');
INSERT INTO `user` VALUES (164, 'Sharon Moore', 'wxxbpheuqlicwt', 'c.hdtsluwie@goptmn.ck', '22273832', '江苏省淮安市', 'NORMAL', 'http://127.0.0.1:8081/profile/default.png');
INSERT INTO `user` VALUES (165, 'Barbara Martin', 'npcoery', 'l.puolhkdryp@ispuo.cq', '51256739', '江苏省扬州市', 'NORMAL', 'http://127.0.0.1:8081/profile/default.png');
INSERT INTO `user` VALUES (166, 'Gary Thompson', 'fdnwnjkakklwiw', 'z.bfyyr@flvqkjtv.sb', '83011087', '江苏省南京市', 'NORMAL', 'http://127.0.0.1:8081/profile/default.png');
INSERT INTO `user` VALUES (167, 'Susan Hernandez', 'jmjk', 'g.bpbzm@kptn.gb', '83771606', '江苏省盐城市', 'NORMAL', 'http://127.0.0.1:8081/profile/default.png');
INSERT INTO `user` VALUES (168, 'Sandra Martinez', 'gcrkndfxhws', 'y.oslejigsqw@hmvrpwa.ki', '04426522', '江苏省盐城市', 'NORMAL', 'http://127.0.0.1:8081/profile/default.png');
INSERT INTO `user` VALUES (169, 'Jessica Harris', 'oobcbrfelpfh', 'i.xdyv@xleoc.mo', '57781641', '江苏省泰州市', 'NORMAL', 'http://127.0.0.1:8081/profile/default.png');
INSERT INTO `user` VALUES (170, 'Nancy Lee', 'dvyou', 'h.dagzam@fwspiq.cc', '40578477', '江苏省淮安市', 'NORMAL', 'http://127.0.0.1:8081/profile/default.png');
INSERT INTO `user` VALUES (171, 'Cynthia Moore', 'dpoagygpelmlm', 'a.nbmi@vgdw.ie', '05164818', '江苏省扬州市', 'NORMAL', 'http://127.0.0.1:8081/profile/default.png');
INSERT INTO `user` VALUES (172, 'Robert Young', 'resuswbmok', 'g.iiqpqi@tks.gi', '37376448', '江苏省南京市', 'NORMAL', 'http://127.0.0.1:8081/profile/default.png');
INSERT INTO `user` VALUES (173, 'Richard Moore', 'mmlpabzvfcwvwh', 'w.rux@airh.pa', '77882164', '江苏省徐州市', 'NORMAL', 'http://127.0.0.1:8081/profile/default.png');
INSERT INTO `user` VALUES (174, 'Kevin Walker', 'msbbybikwgv', 'r.knqrqbwtm@bsltxqc.ae', '57348166', '江苏省盐城市', 'NORMAL', 'http://127.0.0.1:8081/profile/default.png');
INSERT INTO `user` VALUES (175, 'Michael Smith', 'dhcaedixfswkm', 'q.aoklpldz@xkrdyym.mo', '66693186', '江苏省盐城市', 'NORMAL', 'http://127.0.0.1:8081/profile/default.png');
INSERT INTO `user` VALUES (176, 'Paul Rodriguez', 'xdqykqsx', 'w.ifdnltcvm@kfbkjknu.net.cn', '88668422', '江苏省苏州市', 'NORMAL', 'http://127.0.0.1:8081/profile/default.png');
INSERT INTO `user` VALUES (177, 'Kimberly Harris', 'lwkjgnorityg', 's.wibsyvjbr@upljj.aw', '97685982', '江苏省苏州市', 'NORMAL', 'http://127.0.0.1:8081/profile/default.png');
INSERT INTO `user` VALUES (178, 'Melissa Martinez', 'rnjc', 's.krhbqxe@mtrhkzpd.nr', '53512637', '江苏省南通市', 'NORMAL', 'http://127.0.0.1:8081/profile/default.png');
INSERT INTO `user` VALUES (179, 'Barbara Thomas', 'mcuxzkvdyi', 'l.lfgqytnvd@hfsb.cg', '78778158', '江苏省南通市', 'NORMAL', 'http://127.0.0.1:8081/profile/default.png');
INSERT INTO `user` VALUES (180, 'Kimberly Martinez', 'dxiywyutiqrhem', 'o.zdt@fvxcetykes.vu', '46438688', '江苏省南通市', 'NORMAL', 'http://127.0.0.1:8081/profile/default.png');
INSERT INTO `user` VALUES (181, 'Laura Davis', 'ycdcdbu', 'u.ycvjud@nqaa.ir', '72429062', '江苏省南通市', 'NORMAL', 'http://127.0.0.1:8081/profile/default.png');
INSERT INTO `user` VALUES (182, 'Jennifer Wilson', 'rkvtwksdfgbgsy', 'p.lmlfb@yykpaqob.lu', '35737635', '江苏省南通市', 'NORMAL', 'http://127.0.0.1:8081/profile/default.png');
INSERT INTO `user` VALUES (183, 'Angela Thompson', 'htorzppto', 'e.hweplem@szodfxff.mv', '73521724', '江苏省南京市', 'NORMAL', 'http://127.0.0.1:8081/profile/default.png');
INSERT INTO `user` VALUES (184, 'Brenda Davis', 'zchpwaeyo', 'a.sccyoj@kajrhk.ad', '36236713', '江苏省盐城市', 'NORMAL', 'http://127.0.0.1:8081/profile/default.png');
INSERT INTO `user` VALUES (185, 'Carol Smith', 'jxcquelzjdqs', 'k.penw@jsk.mx', '42382436', '江苏省盐城市', 'NORMAL', 'http://127.0.0.1:8081/profile/default.png');
INSERT INTO `user` VALUES (186, 'Donna Lee', 'kaykmsyvvn', 'm.mhvdxjh@nsydgjecn.ug', '94973748', '江苏省宿迁市', 'NORMAL', 'http://127.0.0.1:8081/profile/default.png');
INSERT INTO `user` VALUES (187, 'Sandra Hernandez', 'rsyir', 't.pyr@spgnhv.zw', '21747508', '江苏省泰州市', 'NORMAL', 'http://127.0.0.1:8081/profile/default.png');
INSERT INTO `user` VALUES (188, 'Robert Brown', 'zwhksus', 'c.esyvqjz@qxtqhvhh.ug', '66647114', '江苏省淮安市', 'NORMAL', 'http://127.0.0.1:8081/profile/default.png');
INSERT INTO `user` VALUES (189, 'Larry Clark', 'hrdeufsuwge', 'z.jlw@vjnnveoj.bz', '81131539', '江苏省扬州市', 'NORMAL', 'http://127.0.0.1:8081/profile/default.png');
INSERT INTO `user` VALUES (190, 'Jessica Harris', 'urrwblppd', 'p.ebrdbn@sjvambhr.cv', '97461802', '江苏省南通市', 'NORMAL', 'http://127.0.0.1:8081/profile/default.png');
INSERT INTO `user` VALUES (191, 'Nancy Young', 'faekbawgfd', 't.purhvemsx@qkur.cg', '63425616', '江苏省南通市', 'NORMAL', 'http://127.0.0.1:8081/profile/default.png');
INSERT INTO `user` VALUES (192, 'Mark Young', 'egfpboefqchh', 'q.ufbtcawk@ibt.bn', '32826963', '江苏省苏州市', 'NORMAL', 'http://127.0.0.1:8081/profile/default.png');
INSERT INTO `user` VALUES (193, 'Amy White', 'nshxmuv', 'w.xqfjqtb@duyx.bm', '23554491', '江苏省苏州市', 'NORMAL', 'http://127.0.0.1:8081/profile/default.png');
INSERT INTO `user` VALUES (194, 'William Jackson', 'obnvsbcjocdfyj', 'o.fepjxx@jvxpbfeqj.ge', '43389854', '江苏省南通市', 'NORMAL', 'http://127.0.0.1:8081/profile/default.png');
INSERT INTO `user` VALUES (195, 'Christopher Williams', 'putd', 't.nuud@iuwouynn.asia', '31865265', '江苏省南通市', 'NORMAL', 'http://127.0.0.1:8081/profile/default.png');
INSERT INTO `user` VALUES (196, 'Margaret Harris', 'fqro', 'w.kflnuplev@avhyajb.ye', '23230533', '江苏省南通市', 'NORMAL', 'http://127.0.0.1:8081/profile/default.png');
INSERT INTO `user` VALUES (197, 'Steven Young', 'pxjzzkxdmkfbyh', 'q.hyvtmib@cdswdei.fr', '91828973', '江苏省南通市', 'NORMAL', 'http://127.0.0.1:8081/profile/default.png');
INSERT INTO `user` VALUES (198, 'Gary Wilson', 'rgmfxsb', 's.vwhf@ycmqwk.vc', '33357185', '江苏省南通市', 'NORMAL', 'http://127.0.0.1:8081/profile/default.png');
INSERT INTO `user` VALUES (199, 'Ronald Gonzalez', 'dkmjwqvwvd', 'f.lvvrixcn@jptqmgeu.hk', '64001573', '江苏省南京市', 'NORMAL', 'http://127.0.0.1:8081/profile/default.png');
INSERT INTO `user` VALUES (200, 'Sandra Davis', 'lsytkyvdcqb', 'g.sjm@rsguxwa.my', '31278412', '江苏省盐城市', 'NORMAL', 'http://127.0.0.1:8081/profile/default.png');
INSERT INTO `user` VALUES (201, 'Jeffrey Young', 'plygvucpnh', 'q.gvompzdvz@iwlq.museum', '27716352', '江苏省盐城市', 'NORMAL', 'http://127.0.0.1:8081/profile/default.png');
INSERT INTO `user` VALUES (202, 'Cynthia Young', 'gmniunhmqjef', 'x.bayg@kgoircrd.tr', '84957816', '江苏省宿迁市', 'NORMAL', 'http://127.0.0.1:8081/profile/default.png');
INSERT INTO `user` VALUES (203, 'Barbara Hernandez', 'otpi', 'y.jjwstdjy@uxjijkcz.hk', '61263339', '江苏省泰州市', 'NORMAL', 'http://127.0.0.1:8081/profile/default.png');
INSERT INTO `user` VALUES (204, 'Scott Robinson', 'cjuknf', 'x.lbnukw@ltny.ma', '21786751', '江苏省淮安市', 'NORMAL', 'http://127.0.0.1:8081/profile/default.png');
INSERT INTO `user` VALUES (205, 'Mark Young', 'edmtuvjfo', 'u.ejmse@hkk.bg', '21214814', '江苏省扬州市', 'NORMAL', 'http://127.0.0.1:8081/profile/default.png');
INSERT INTO `user` VALUES (206, 'Margaret Jackson', 'kykfelpjm', 'c.tybawx@eenwkrljkq.tc', '96753702', '江苏省盐城市', 'NORMAL', 'http://127.0.0.1:8081/profile/default.png');
INSERT INTO `user` VALUES (207, 'Sharon Smith', 'wdaffornwlqzj', 'x.jpflvjyldw@scxi.mil', '60265424', '江苏省连云港市', 'NORMAL', 'http://127.0.0.1:8081/profile/default.png');
INSERT INTO `user` VALUES (208, 'Jessica Smith', 'zdnk', 'l.rkcxcli@kbjs.be', '22154851', '江苏省泰州市', 'NORMAL', 'http://127.0.0.1:8081/profile/default.png');
INSERT INTO `user` VALUES (209, 'Jason Perez', 'msfjqfmdlherpm', 'x.vmxpxy@cqovn.nl', '78457044', '江苏省淮安市', 'NORMAL', 'http://127.0.0.1:8081/profile/default.png');
INSERT INTO `user` VALUES (210, 'Robert Jackson', 'ijdl', 't.fpddin@genbbi.pro', '74326415', '江苏省扬州市', 'NORMAL', 'http://127.0.0.1:8081/profile/default.png');
INSERT INTO `user` VALUES (211, 'Jennifer Wilson', 'kso', 'm.qkapx@woceevyvc.td', '23541268', '江苏省南京市', 'NORMAL', 'http://127.0.0.1:8081/profile/default.png');
INSERT INTO `user` VALUES (212, 'Edward Thomas', 'ldiyaa', 'b.ucqljsff@lxukmmdln.na', '10692276', '江苏省徐州市', 'NORMAL', 'http://127.0.0.1:8081/profile/default.png');
INSERT INTO `user` VALUES (213, 'Gary Robinson', 'tgpujxbvne', 'j.znookrd@bkoujcpkf.it', '85401211', '江苏省盐城市', 'NORMAL', 'http://127.0.0.1:8081/profile/default.png');
INSERT INTO `user` VALUES (214, 'Melissa Hall', 'hywfenjhcwxcxmr', 'b.lpxqooie@lkjauk.gov.cn', '53161661', '江苏省宿迁市', 'NORMAL', 'http://127.0.0.1:8081/profile/default.png');
INSERT INTO `user` VALUES (215, 'Frank Lee', 'ypbxhmfja', 'c.ckrildjxf@wekproz.mn', '15841162', '江苏省盐城市', 'NORMAL', 'http://127.0.0.1:8081/profile/default.png');
INSERT INTO `user` VALUES (216, 'Melissa White', 'gsca', 'b.ghspv@njhybn.bw', '82724242', '江苏省宿迁市', 'NORMAL', 'http://127.0.0.1:8081/profile/default.png');
INSERT INTO `user` VALUES (217, 'Sharon Davis', 'cjapdec', 'd.bynfvso@sprziuvl.name', '85949465', '江苏省泰州市', 'NORMAL', 'http://127.0.0.1:8081/profile/default.png');
INSERT INTO `user` VALUES (218, 'Maria Davis', 'dssdtpdrevhw', 'j.sxiigjd@xmkwwczm.cc', '25133583', '江苏省淮安市', 'NORMAL', 'http://127.0.0.1:8081/profile/default.png');
INSERT INTO `user` VALUES (219, 'Barbara Gonzalez', 'dsxs', 'd.qjpa@jqlvn.ph', '08726743', '江苏省扬州市', 'NORMAL', 'http://127.0.0.1:8081/profile/default.png');
INSERT INTO `user` VALUES (220, 'Linda Clark', 'evyqih', 'y.owsxrnmo@wrqpemlxy.za', '81226851', '江苏省南京市', 'NORMAL', 'http://127.0.0.1:8081/profile/default.png');
INSERT INTO `user` VALUES (221, 'Michelle Thomas', 'yslnornavltgzbu', 'y.ijtkrigk@kmsdddqvo.ki', '45561882', '江苏省徐州市', 'NORMAL', 'http://127.0.0.1:8081/profile/default.png');
INSERT INTO `user` VALUES (222, 'Christopher Rodriguez', 'htbowdgxxkng', 'f.yki@vzgqpd.pn', '87183347', '江苏省连云港市', 'NORMAL', 'http://127.0.0.1:8081/profile/default.png');
INSERT INTO `user` VALUES (223, 'Paul Lewis', 'zieybykiakq', 'i.slmmgwmb@jbqdb.pl', '93774267', '江苏省连云港市', 'NORMAL', 'http://127.0.0.1:8081/profile/default.png');
INSERT INTO `user` VALUES (224, 'Patricia Anderson', 'moqv', 'd.lnaig@ntwknklt.nz', '35515785', '江苏省泰州市', 'NORMAL', 'http://127.0.0.1:8081/profile/default.png');
INSERT INTO `user` VALUES (225, 'Paul Lee', 'sdymbmehoqnj', 'i.ookeuuxkj@kcrmffwpm.tk', '75386036', '江苏省淮安市', 'NORMAL', 'http://127.0.0.1:8081/profile/default.png');
INSERT INTO `user` VALUES (226, 'Jason Clark', 'jwbgbfijyh', 'n.pmmgjwmkeo@lafh.ga', '50623746', '江苏省扬州市', 'NORMAL', 'http://127.0.0.1:8081/profile/default.png');
INSERT INTO `user` VALUES (227, 'Barbara Rodriguez', 'aleeysgncevhr', 'i.iyymh@ncr.pk', '83627084', '江苏省南京市', 'NORMAL', 'http://127.0.0.1:8081/profile/default.png');
INSERT INTO `user` VALUES (228, 'Christopher Johnson', 'ghitqwsdoo', 'r.iuji@tso.rw', '43215528', '江苏省盐城市', 'NORMAL', 'http://127.0.0.1:8081/profile/default.png');
INSERT INTO `user` VALUES (229, 'Laura Martin', 'bmyf', 't.vhecegzu@hgsyyuqlvn.lt', '45422471', '江苏省盐城市', 'NORMAL', 'http://127.0.0.1:8081/profile/default.png');
INSERT INTO `user` VALUES (230, 'Donna Johnson', 'bpuqhcfclscfj', 'l.sxiyrad@kjugvl.cd', '86739856', '江苏省泰州市', 'NORMAL', 'http://127.0.0.1:8081/profile/default.png');
INSERT INTO `user` VALUES (231, 'Jose Lee', 'keobqvkgqrprbm', 'y.euoesmefs@vjt.ky', '76956574', '江苏省常州市', 'NORMAL', 'http://127.0.0.1:8081/profile/default.png');
INSERT INTO `user` VALUES (232, 'John Moore', 'zmxpiclnlcvftv', 'm.idrhlkrm@eyrylbebkm.uk', '44896251', '江苏省徐州市', 'NORMAL', 'http://127.0.0.1:8081/profile/default.png');
INSERT INTO `user` VALUES (233, 'Steven Hernandez', 'eqwqcc', 'p.zwbwvlnpo@xwqwfkiyr.an', '84538537', '江苏省无锡市', 'NORMAL', 'http://127.0.0.1:8081/profile/default.png');
INSERT INTO `user` VALUES (234, 'William Hernandez', 'yjhdysxhnucykc', 'm.rgzvvic@qglkeyttuw.pm', '98338001', '江苏省镇江市', 'NORMAL', 'http://127.0.0.1:8081/profile/default.png');
INSERT INTO `user` VALUES (235, 'Kimberly Robinson', 'rgbavaaos', 'y.eiheknvw@vwxpj.zm', '04317686', '江苏省盐城市', 'NORMAL', 'http://127.0.0.1:8081/profile/default.png');
INSERT INTO `user` VALUES (236, 'Elizabeth Robinson', 'hjwbmxokmeiqhdu', 'f.wovntlwpxh@tbbkfbrs.tm', '67896154', '江苏省盐城市', 'NORMAL', 'http://127.0.0.1:8081/profile/default.png');
INSERT INTO `user` VALUES (237, 'Sandra Gonzalez', 'dalygk', 'l.upbe@dewkbrtk.uy', '15635632', '江苏省苏州市', 'NORMAL', 'http://127.0.0.1:8081/profile/default.png');
INSERT INTO `user` VALUES (238, 'David Robinson', 'yguxa', 'r.jbvbfry@ckw.qa', '40564808', '江苏省苏州市', 'NORMAL', 'http://127.0.0.1:8081/profile/default.png');
INSERT INTO `user` VALUES (239, 'David Brown', 'mtaimlb', 'y.hcglyklu@jbpyise.pk', '50544761', '江苏省南通市', 'NORMAL', 'http://127.0.0.1:8081/profile/default.png');
INSERT INTO `user` VALUES (240, 'Shirley Martin', 'dfekv', 'f.fmzjju@unhlsicr.ly', '57972806', '江苏省镇江市', 'NORMAL', 'http://127.0.0.1:8081/profile/default.png');
INSERT INTO `user` VALUES (241, 'Anthony Moore', 'sdpmbitbwxpug', 'p.kgyiuej@vsngfl.mz', '33659833', '江苏省镇江市', 'NORMAL', 'http://127.0.0.1:8081/profile/default.png');
INSERT INTO `user` VALUES (242, 'Betty Hall', 'nddkluuwi', 'r.cpwc@swplea.com.cn', '77614693', '江苏省无锡市', 'NORMAL', 'http://127.0.0.1:8081/profile/default.png');
INSERT INTO `user` VALUES (243, 'Mary Miller', 'dqdytputglfmmy', 'f.rkqefxqk@tyolgdj.td', '36551925', '江苏省无锡市', 'NORMAL', 'http://127.0.0.1:8081/profile/default.png');
INSERT INTO `user` VALUES (244, 'Scott Gonzalez', 'cymn', 'k.xrtv@kfqnyyklov.lr', '21701666', '江苏省常州市', 'NORMAL', 'http://127.0.0.1:8081/profile/default.png');
INSERT INTO `user` VALUES (245, 'Joseph Rodriguez', 'mnanicbzko', 'f.jglgkj@sfbukbo.gp', '44937357', '江苏省常州市', 'NORMAL', 'http://127.0.0.1:8081/profile/default.png');
INSERT INTO `user` VALUES (246, 'Steven Clark', 'yvfruuxplhmn', 'n.mddu@tzko.ug', '21153312', '江苏省镇江市', 'NORMAL', 'http://127.0.0.1:8081/profile/default.png');
INSERT INTO `user` VALUES (247, 'Timothy Young', 'veiret', 'h.zytvug@odiykytlix.eg', '11452202', '江苏省镇江市', 'NORMAL', 'http://127.0.0.1:8081/profile/default.png');
INSERT INTO `user` VALUES (248, 'Deborah Martin', 'vjujtf', 'h.ixewqnyepr@oedogebp.com.cn', '84104448', '江苏省无锡市', 'NORMAL', 'http://127.0.0.1:8081/profile/default.png');
INSERT INTO `user` VALUES (249, 'Larry Lee', 'hpzxgcnpe', 'p.yfgdtiuhdn@iakibdjytu.ev', '32055847', '江苏省无锡市', 'NORMAL', 'http://127.0.0.1:8081/profile/default.png');
INSERT INTO `user` VALUES (250, 'Daniel Lewis', 'gqeavjsf', 'f.ptuhrknep@rorxaryqf.ua', '43946551', '江苏省常州市', 'NORMAL', 'http://127.0.0.1:8081/profile/default.png');
INSERT INTO `user` VALUES (251, 'Jose Young', 'scyqhffnfpktpm', 'c.huiprfh@ehtzp.tv', '95725264', '江苏省常州市', 'NORMAL', 'http://127.0.0.1:8081/profile/default.png');
INSERT INTO `user` VALUES (252, 'Elizabeth Robinson', 'yfuerqyeyfdms', 'd.demqsxs@btpsxscfx.zr', '46271936', '江苏省南通市', 'NORMAL', 'http://127.0.0.1:8081/profile/default.png');
INSERT INTO `user` VALUES (253, 'Barbara Lee', 'otmys', 'n.srfy@ccwcvhusy.ao', '51671910', '江苏省苏州市', 'NORMAL', 'http://127.0.0.1:8081/profile/default.png');
INSERT INTO `user` VALUES (254, 'Carol Young', 'ihl', 'n.rhlwtlfkt@gncwdhzgpg.vn', '77115962', '江苏省苏州市', 'NORMAL', 'http://127.0.0.1:8081/profile/default.png');
INSERT INTO `user` VALUES (255, 'Timothy Johnson', 'mylltqgfdw', 'n.xtoedm@djct.co', '31665883', '江苏省镇江市', 'NORMAL', 'http://127.0.0.1:8081/profile/default.png');
INSERT INTO `user` VALUES (256, 'Jeffrey Jones', 'lcslxrnjuw', 's.fdqlfudiqm@xsl.cv', '97857515', '江苏省镇江市', 'NORMAL', 'http://127.0.0.1:8081/profile/default.png');
INSERT INTO `user` VALUES (257, 'Frank Robinson', 'ugjxgims', 'c.sdkf@uevfhoj.cc', '61223298', '江苏省无锡市', 'NORMAL', 'http://127.0.0.1:8081/profile/default.png');
INSERT INTO `user` VALUES (258, 'Angela Rodriguez', 'fme', 'e.kmofc@odyznb.to', '92551711', '江苏省无锡市', 'NORMAL', 'http://127.0.0.1:8081/profile/default.png');
INSERT INTO `user` VALUES (259, 'Edward Clark', 'vyeotz', 'u.qovoefx@cjpl.az', '70481294', '江苏省常州市', 'NORMAL', 'http://127.0.0.1:8081/profile/default.png');
INSERT INTO `user` VALUES (260, 'Anthony Anderson', 'mtig', 'e.jbvjcjimc@blhgrmywcr.gy', '51445452', '江苏省常州市', 'NORMAL', 'http://127.0.0.1:8081/profile/default.png');
INSERT INTO `user` VALUES (261, 'Shirley Lewis', 'wopbca', 'l.kdhhx@qcrucfxhi.zr', '84388759', '江苏省镇江市', 'NORMAL', 'http://127.0.0.1:8081/profile/default.png');
INSERT INTO `user` VALUES (262, 'Mark Thomas', 'kuqtx', 'l.tgi@cqpyp.by', '88437405', '江苏省镇江市', 'NORMAL', 'http://127.0.0.1:8081/profile/default.png');
INSERT INTO `user` VALUES (263, 'Elizabeth Walker', 'rhyyvuc', 'k.rvw@jwtkbflj.bv', '29315415', '江苏省无锡市', 'NORMAL', 'http://127.0.0.1:8081/profile/default.png');
INSERT INTO `user` VALUES (264, 'Brenda Lopez', 'aackbwwv', 's.yddjv@tqfxejv.vn', '85463756', '江苏省无锡市', 'NORMAL', 'http://127.0.0.1:8081/profile/default.png');
INSERT INTO `user` VALUES (265, 'Daniel Martin', 'phgl', 'a.bgymuhcef@fyahrr.ci', '10362422', '江苏省常州市', 'NORMAL', 'http://127.0.0.1:8081/profile/default.png');
INSERT INTO `user` VALUES (266, 'Jennifer Garcia', 'pfuxmfszio', 'x.kayc@yorubjbs.us', '39858087', '江苏省常州市', 'NORMAL', 'http://127.0.0.1:8081/profile/default.png');
INSERT INTO `user` VALUES (267, 'Kenneth Lewis', 'evmcdwkiue', 'h.hkr@tfdfrsfhao.hr', '86848522', '江苏省盐城市', 'NORMAL', 'http://127.0.0.1:8081/profile/default.png');
INSERT INTO `user` VALUES (268, 'Kimberly Davis', 'pteywvltbs', 't.jvlthqry@uxhtmdv.cn', '86546065', '江苏省连云港市', 'NORMAL', 'http://127.0.0.1:8081/profile/default.png');
INSERT INTO `user` VALUES (269, 'Karen Lopez', 'qetoiqfuyzh', 'c.klvovor@stgypcecv.gp', '20277765', '江苏省泰州市', 'NORMAL', 'http://127.0.0.1:8081/profile/default.png');
INSERT INTO `user` VALUES (270, 'Brenda Lopez', 'prgtzrzilf', 'l.bmgcxje@glqiez.com', '75828789', '江苏省淮安市', 'NORMAL', 'http://127.0.0.1:8081/profile/default.png');
INSERT INTO `user` VALUES (271, 'Deborah Williams', 'qbtmtev', 'w.qbjpw@cmffnsovi.vn', '13823146', '江苏省扬州市', 'NORMAL', 'http://127.0.0.1:8081/profile/default.png');
INSERT INTO `user` VALUES (272, 'Angela Rodriguez', 'atxxsuljzffczzq', 'b.tcphoyxbb@ppc.bt', '39589742', '江苏省南京市', 'NORMAL', 'http://127.0.0.1:8081/profile/default.png');
INSERT INTO `user` VALUES (273, 'Sharon Jackson', 'vwrlikorzfgp', 'm.wgsmhwj@lak.org.cn', '49957141', '江苏省徐州市', 'NORMAL', 'http://127.0.0.1:8081/profile/default.png');
INSERT INTO `user` VALUES (274, 'Brenda Lee', 'jhtbwrvoid', 's.obrij@ltxlvwy.cf', '70293123', '江苏省盐城市', 'NORMAL', 'http://127.0.0.1:8081/profile/default.png');
INSERT INTO `user` VALUES (275, 'Kimberly Robinson', 'nolw', 'u.ekfst@akvonax.co', '47257278', '江苏省宿迁市', 'NORMAL', 'http://127.0.0.1:8081/profile/default.png');
INSERT INTO `user` VALUES (276, 'Susan Clark', 'gtsssgjctdhpt', 'a.spgdpvty@xolm.tv', '42902767', '江苏省盐城市', 'NORMAL', 'http://127.0.0.1:8081/profile/default.png');
INSERT INTO `user` VALUES (277, 'Mark Rodriguez', 'lavu', 'd.gpluq@tyumv.jo', '18133846', '江苏省宿迁市', 'NORMAL', 'http://127.0.0.1:8081/profile/default.png');
INSERT INTO `user` VALUES (278, 'Kevin Lee', 'cnoc', 'v.vlick@ckydqw.pf', '57634761', '江苏省泰州市', 'NORMAL', 'http://127.0.0.1:8081/profile/default.png');
INSERT INTO `user` VALUES (279, 'Kimberly Anderson', 'wwznpylnwdcqgv', 'm.oqclvhplj@lgtm.in', '31655626', '江苏省淮安市', 'NORMAL', 'http://127.0.0.1:8081/profile/default.png');
INSERT INTO `user` VALUES (280, 'Susan Lee', 'rjmsshykc', 'q.btjkzm@cqkk.ba', '89761562', '江苏省扬州市', 'NORMAL', 'http://127.0.0.1:8081/profile/default.png');
INSERT INTO `user` VALUES (281, 'William Thomas', 'gmtkgtjsluwvl', 'u.hiwhonx@ubavfcpx.中国', '92191346', '江苏省南京市', 'NORMAL', 'http://127.0.0.1:8081/profile/default.png');
INSERT INTO `user` VALUES (282, 'Shirley Martin', 'veqhsnzvcxz', 'z.omfyzpdc@jynnvw.mt', '84317955', '江苏省徐州市', 'NORMAL', 'http://127.0.0.1:8081/profile/default.png');
INSERT INTO `user` VALUES (283, 'Michael Anderson', 'tomskrrkpyhfw', 'f.opqvcl@lxcljqwsz.na', '06708653', '江苏省连云港市', 'NORMAL', 'http://127.0.0.1:8081/profile/default.png');
INSERT INTO `user` VALUES (284, 'Mark Taylor', 'ccnbdcnwv', 'y.bewf@npignxn.my', '49565631', '江苏省连云港市', 'NORMAL', 'http://127.0.0.1:8081/profile/default.png');
INSERT INTO `user` VALUES (285, 'Carol Walker', 'skfaprscgqgd', 'n.vwzpprbm@dnjxo.as', '31602462', '江苏省泰州市', 'NORMAL', 'http://127.0.0.1:8081/profile/default.png');
INSERT INTO `user` VALUES (286, 'Nancy Smith', 'yxfql', 'r.rvb@djxh.io', '40236116', '江苏省淮安市', 'NORMAL', 'http://127.0.0.1:8081/profile/default.png');
INSERT INTO `user` VALUES (287, 'Kimberly Brown', 'hnhrnppxrp', 'q.ymnhbcio@wlpnecdf.gf', '42914538', '江苏省扬州市', 'NORMAL', 'http://127.0.0.1:8081/profile/default.png');
INSERT INTO `user` VALUES (288, 'Paul Miller', 'iwtt', 'd.aptnwhpb@gvf.ph', '12346517', '江苏省南京市', 'NORMAL', 'http://127.0.0.1:8081/profile/default.png');
INSERT INTO `user` VALUES (289, 'Laura Rodriguez', 'fpiybcmax', 'q.fibj@trqll.gl', '44685142', '江苏省镇江市', 'NORMAL', 'http://127.0.0.1:8081/profile/default.png');
INSERT INTO `user` VALUES (290, 'Elizabeth White', 'ierulc', 'b.vwlt@wgihlqvf.se', '31799324', '江苏省镇江市', 'NORMAL', 'http://127.0.0.1:8081/profile/default.png');
INSERT INTO `user` VALUES (291, 'Larry Rodriguez', 'lttewshej', 'j.rppwjuq@lmknfdlub.aq', '87328833', '江苏省泰州市', 'NORMAL', 'http://127.0.0.1:8081/profile/default.png');
INSERT INTO `user` VALUES (292, 'Paul Moore', 'xxbkeeoekbu', 'x.ukkpxjz@nibdc.biz', '01554546', '江苏省淮安市', 'NORMAL', 'http://127.0.0.1:8081/profile/default.png');
INSERT INTO `user` VALUES (293, 'Michael Williams', 'fjh', 'e.dnw@fqggx.sa', '26632303', '江苏省扬州市', 'NORMAL', 'http://127.0.0.1:8081/profile/default.png');
INSERT INTO `user` VALUES (294, 'Angela Wilson', 'fqoppdvqnvap', 'n.grhtr@gurtmd.mc', '80706325', '江苏省南京市', 'NORMAL', 'http://127.0.0.1:8081/profile/default.png');
INSERT INTO `user` VALUES (295, 'Kevin Harris', 'yyxmiwiihomoey', 'd.jbwtswixti@uoahps.lt', '12131686', '江苏省徐州市', 'NORMAL', 'http://127.0.0.1:8081/profile/default.png');
INSERT INTO `user` VALUES (296, 'Kimberly Brown', 'eguvrqvlavnufx', 'n.fjtvr@sgxdxro.ls', '26539555', '江苏省盐城市', 'NORMAL', 'http://127.0.0.1:8081/profile/default.png');
INSERT INTO `user` VALUES (297, 'Charles Wilson', 'hbnm', 'y.kzkbzjcl@ephcgvp.om', '15176484', '江苏省镇江市', 'NORMAL', 'http://127.0.0.1:8081/profile/default.png');
INSERT INTO `user` VALUES (298, 'Susan Johnson', 'pofydb', 'i.pcvoosbu@yrihnfvt.vn', '37431027', '江苏省苏州市', 'NORMAL', 'http://127.0.0.1:8081/profile/default.png');
INSERT INTO `user` VALUES (299, 'Jason Robinson', 'lqxdiwqnhajhaac', 's.yuztkpud@ylo.tz', '67736646', '江苏省苏州市', 'NORMAL', 'http://127.0.0.1:8081/profile/default.png');
INSERT INTO `user` VALUES (300, 'Joseph Brown', 'nvmvp', 'r.iggkewdtiz@yjnbbwup.io', '75791656', '江苏省常州市', 'NORMAL', 'http://127.0.0.1:8081/profile/default.png');
INSERT INTO `user` VALUES (301, 'Brenda Hernandez', 'rbkpeu', 'i.vfmlmdorzu@opgn.ma', '44852612', '江苏省徐州市', 'NORMAL', 'http://127.0.0.1:8081/profile/default.png');
INSERT INTO `user` VALUES (302, 'Barbara Williams', 'ueykvsonfepbk', 'm.mgcxqoxd@muuhr.es', '16610484', '江苏省无锡市', 'NORMAL', 'http://127.0.0.1:8081/profile/default.png');
INSERT INTO `user` VALUES (303, 'Shirley Davis', 'ltfvukxxysu', 't.mjgcgjv@tyngkfx.eh', '05841665', '江苏省镇江市', 'NORMAL', 'http://127.0.0.1:8081/profile/default.png');
INSERT INTO `user` VALUES (304, 'Carol Taylor', 'fsvnfyqnwn', 'r.hmthtcw@xmgk.do', '56968746', '江苏省南通市', 'NORMAL', 'http://127.0.0.1:8081/profile/default.png');
INSERT INTO `user` VALUES (305, 'William Anderson', 'captdlbdlben', 't.irvnf@dfthhejns.ch', '21428157', '江苏省常州市', 'NORMAL', 'http://127.0.0.1:8081/profile/default.png');
INSERT INTO `user` VALUES (306, 'Jeffrey Martin', 'yfp', 'q.kbekr@ujtha.hm', '84621178', '江苏省徐州市', 'NORMAL', 'http://127.0.0.1:8081/profile/default.png');
INSERT INTO `user` VALUES (307, 'Donald Robinson', 'uwohco', 'v.zwk@vvlq.pk', '61944854', '江苏省无锡市', 'NORMAL', 'http://127.0.0.1:8081/profile/default.png');
INSERT INTO `user` VALUES (308, 'Sarah Williams', 'wjrber', 'w.wehjdkq@vvdqhm.gp', '22684866', '江苏省镇江市', 'NORMAL', 'http://127.0.0.1:8081/profile/default.png');
INSERT INTO `user` VALUES (309, 'Jessica Harris', 'mxmiciupyygge', 'h.psxiqs@kcbrmxy.sa', '65368281', '江苏省泰州市', 'NORMAL', 'http://127.0.0.1:8081/profile/default.png');
INSERT INTO `user` VALUES (310, 'Michael Rodriguez', 'gecvslv', 'k.ualmeso@boxmjpcx.tj', '44216083', '江苏省淮安市', 'NORMAL', 'http://127.0.0.1:8081/profile/default.png');
INSERT INTO `user` VALUES (311, 'Kimberly Moore', 'wrjmvgjhfwty', 'o.tqswl@bbp.bd', '86541669', '江苏省扬州市', 'NORMAL', 'http://127.0.0.1:8081/profile/default.png');
INSERT INTO `user` VALUES (312, 'David Davis', 'hqlzjqoeves', 'i.jrqlobt@jbjefiku.ie', '13064352', '江苏省镇江市', 'NORMAL', 'http://127.0.0.1:8081/profile/default.png');
INSERT INTO `user` VALUES (313, 'Donald Gonzalez', 'qdi', 'k.usymctmmqc@accrmplds.mm', '15807780', '江苏省镇江市', 'NORMAL', 'http://127.0.0.1:8081/profile/default.png');
INSERT INTO `user` VALUES (314, 'Jennifer Clark', 'rslbzxpmjmjdxl', 'h.srcib@hxeu.be', '76123627', '江苏省苏州市', 'NORMAL', 'http://127.0.0.1:8081/profile/default.png');
INSERT INTO `user` VALUES (315, 'Patricia Hernandez', 'ijinyv', 't.jjsr@ilkvkqrt.bm', '62522695', '江苏省苏州市', 'NORMAL', 'http://127.0.0.1:8081/profile/default.png');
INSERT INTO `user` VALUES (316, 'David Moore', 'oeeockvcfoa', 'n.wnm@rkcgw.pf', '87523674', '江苏省南通市', 'NORMAL', 'http://127.0.0.1:8081/profile/default.png');
INSERT INTO `user` VALUES (317, 'Brenda Harris', 'cndfvrok', 'i.otjwtwtov@qslmhb.et', '25372590', '江苏省南通市', 'NORMAL', 'http://127.0.0.1:8081/profile/default.png');
INSERT INTO `user` VALUES (318, 'Anthony Walker', 'ggnjcogm', 'i.oungdck@jostt.af', '77768367', '江苏省南通市', 'NORMAL', 'http://127.0.0.1:8081/profile/default.png');
INSERT INTO `user` VALUES (319, 'Karen White', 'nhgdymdhmfouhm', 'k.ffjvv@qejygw.biz', '45586262', '江苏省南通市', 'NORMAL', 'http://127.0.0.1:8081/profile/default.png');
INSERT INTO `user` VALUES (320, 'Barbara Young', 'khfn', 'y.nobnojh@dvq.kn', '57483916', '江苏省南通市', 'NORMAL', 'http://127.0.0.1:8081/profile/default.png');
INSERT INTO `user` VALUES (321, 'Lisa Thompson', 'stkcq', 'l.iivrngslt@jxksstmo.pt', '94238629', '江苏省南京市', 'NORMAL', 'http://127.0.0.1:8081/profile/default.png');
INSERT INTO `user` VALUES (322, 'Donald Hernandez', 'tnydqexzwknhn', 'd.lrienp@qxlset.ki', '55465504', '江苏省盐城市', 'NORMAL', 'http://127.0.0.1:8081/profile/default.png');
INSERT INTO `user` VALUES (323, 'Gary Lewis', 'vmwrvh', 's.bfpziplr@ydyfx.tr', '24788712', '江苏省盐城市', 'NORMAL', 'http://127.0.0.1:8081/profile/default.png');
INSERT INTO `user` VALUES (324, 'Larry Thompson', 'mwgzskgckxgcd', 'o.vbs@slmajc.coop', '81828265', '江苏省宿迁市', 'NORMAL', 'http://127.0.0.1:8081/profile/default.png');
INSERT INTO `user` VALUES (325, 'Paul Garcia', 'vhcflrsz', 'w.ory@iiozx.cu', '94363144', '江苏省泰州市', 'NORMAL', 'http://127.0.0.1:8081/profile/default.png');
INSERT INTO `user` VALUES (326, 'Cynthia Lee', 'pxmdsnbtpbrh', 'b.zpmjqinsv@vey.sy', '47978642', '江苏省淮安市', 'NORMAL', 'http://127.0.0.1:8081/profile/default.png');
INSERT INTO `user` VALUES (327, 'Linda Jackson', 'propgfodnovn', 'k.vtj@kqjcxihf.ms', '56615842', '江苏省扬州市', 'NORMAL', 'http://127.0.0.1:8081/profile/default.png');
INSERT INTO `user` VALUES (328, 'Michael Garcia', 'dwanydfyf', 'c.kilxc@aefoec.pw', '41543363', '江苏省盐城市', 'NORMAL', 'http://127.0.0.1:8081/profile/default.png');
INSERT INTO `user` VALUES (329, 'Michael Perez', 'rjezsrm', 'w.mykvt@owho.mm', '22513428', '江苏省连云港市', 'NORMAL', 'http://127.0.0.1:8081/profile/default.png');
INSERT INTO `user` VALUES (330, 'Kenneth Lopez', 'sld', 'z.srlv@qbprf.aq', '35321967', '江苏省泰州市', 'NORMAL', 'http://127.0.0.1:8081/profile/default.png');
INSERT INTO `user` VALUES (331, 'Patricia Thompson', 'qymtgncrltwia', 'm.cemonmoqmb@qbyn.cl', '14839392', '江苏省淮安市', 'NORMAL', 'http://127.0.0.1:8081/profile/default.png');
INSERT INTO `user` VALUES (332, 'Timothy Thompson', 'tvirsufipokfvso', 'n.cpltnmbn@jawgnyj.museum', '07873169', '江苏省扬州市', 'NORMAL', 'http://127.0.0.1:8081/profile/default.png');
INSERT INTO `user` VALUES (333, 'Laura Lee', 'abart', 'b.kwvgq@mdtlh.uk', '26767441', '江苏省南京市', 'NORMAL', 'http://127.0.0.1:8081/profile/default.png');
INSERT INTO `user` VALUES (334, 'James Williams', 'eryi', 'j.qmbm@xwabynsxs.bo', '78413727', '江苏省徐州市', 'NORMAL', 'http://127.0.0.1:8081/profile/default.png');
INSERT INTO `user` VALUES (335, 'Eric Lewis', 'mgiwf', 'o.rviqrlqy@nqgq.ht', '50014330', '江苏省盐城市', 'NORMAL', 'http://127.0.0.1:8081/profile/default.png');
INSERT INTO `user` VALUES (336, 'Jennifer Johnson', 'ruuuk', 'i.pmxzv@roii.it', '22676231', '江苏省宿迁市', 'NORMAL', 'http://127.0.0.1:8081/profile/default.png');
INSERT INTO `user` VALUES (337, 'Lisa Moore', 'pjhcdwquldrn', 'v.rxsbj@xydrvuzyb.uk', '74188629', '江苏省盐城市', 'NORMAL', 'http://127.0.0.1:8081/profile/default.png');
INSERT INTO `user` VALUES (338, 'Frank Clark', 'mxuprf', 'd.eken@aosobggv.cz', '49314521', '江苏省宿迁市', 'NORMAL', 'http://127.0.0.1:8081/profile/default.png');
INSERT INTO `user` VALUES (339, 'Michael Lopez', 'sdhbekhh', 'l.evdnvhkp@hch.vc', '64402045', '江苏省泰州市', 'NORMAL', 'http://127.0.0.1:8081/profile/default.png');
INSERT INTO `user` VALUES (340, 'Eric Davis', 'qkeeyynst', 'e.kdgthtrj@kdbzsat.at', '32245708', '江苏省淮安市', 'NORMAL', 'http://127.0.0.1:8081/profile/default.png');
INSERT INTO `user` VALUES (341, 'Shirley Thomas', 'jtciymeglg', 'v.pfowmkrh@tooxuydwmz.pe', '31876216', '江苏省扬州市', 'NORMAL', 'http://127.0.0.1:8081/profile/default.png');
INSERT INTO `user` VALUES (342, 'Dorothy Smith', 'hvxlnuyvibrhr', 'j.lrdcxjdmn@vxhnpmusj.kh', '87168671', '江苏省南京市', 'NORMAL', 'http://127.0.0.1:8081/profile/default.png');
INSERT INTO `user` VALUES (343, 'Jessica Harris', 'fubndywxli', 'y.xgfohifn@xfgoqid.bo', '82811720', '江苏省徐州市', 'NORMAL', 'http://127.0.0.1:8081/profile/default.png');
INSERT INTO `user` VALUES (344, 'Cynthia Clark', 'znwlootfkw', 'i.ooovbtyhq@mmwuyczio.cl', '08556561', '江苏省连云港市', 'NORMAL', 'http://127.0.0.1:8081/profile/default.png');
INSERT INTO `user` VALUES (345, 'Helen Young', 'wsnsbtxjujb', 'p.gkhgh@ynpey.az', '54408318', '江苏省连云港市', 'NORMAL', 'http://127.0.0.1:8081/profile/default.png');
INSERT INTO `user` VALUES (346, 'John Thompson', 'algjbxdmwo', 'm.kvtjt@msslxnyhxy.pt', '34556787', '江苏省泰州市', 'NORMAL', 'http://127.0.0.1:8081/profile/default.png');
INSERT INTO `user` VALUES (347, 'Elizabeth Williams', 'beahnkubb', 'v.ypcy@jcyy.pl', '17120052', '江苏省淮安市', 'NORMAL', 'http://127.0.0.1:8081/profile/default.png');
INSERT INTO `user` VALUES (348, 'Laura Gonzalez', 'tfuqbhedsiv', 'i.ywrt@wtwtc.ga', '56751825', '江苏省镇江市', 'NORMAL', 'http://127.0.0.1:8081/profile/default.png');
INSERT INTO `user` VALUES (349, 'Maria Smith', 'cdufgerhuwqgun', 'u.xekp@cyujq.ch', '25812949', '江苏省镇江市', 'NORMAL', 'http://127.0.0.1:8081/profile/default.png');
INSERT INTO `user` VALUES (350, 'Daniel Thompson', 'berwsgqgcitb', 'g.wtilubxny@nocydinu.ev', '61720807', '江苏省无锡市', 'NORMAL', 'http://127.0.0.1:8081/profile/default.png');
INSERT INTO `user` VALUES (351, 'Laura Lopez', 'rupcdmbgyue', 'c.efl@bppwx.na', '64933177', '江苏省无锡市', 'NORMAL', 'http://127.0.0.1:8081/profile/default.png');
INSERT INTO `user` VALUES (352, 'Shirley Smith', 'itlgjapmayqwd', 'b.oojry@yhdi.cd', '69754343', '江苏省常州市', 'NORMAL', 'http://127.0.0.1:8081/profile/default.png');
INSERT INTO `user` VALUES (353, 'Jennifer Moore', 'dwqb', 'r.tfwde@aijciitwj.bz', '94658764', '江苏省淮安市', 'NORMAL', 'http://127.0.0.1:8081/profile/default.png');
INSERT INTO `user` VALUES (354, 'Cynthia Garcia', 'xyqr', 'o.kgikfa@fsd.io', '36873685', '江苏省扬州市', 'NORMAL', 'http://127.0.0.1:8081/profile/default.png');
INSERT INTO `user` VALUES (355, 'Shirley Walker', 'cwodxuwkjhcex', 'g.ilzfp@tvitc.gt', '11477555', '江苏省南京市', 'NORMAL', 'http://127.0.0.1:8081/profile/default.png');
INSERT INTO `user` VALUES (356, 'Lisa Wilson', 'igtxumed', 'o.wbsoz@zxoyrilh.fr', '87095043', '江苏省徐州市', 'NORMAL', 'http://127.0.0.1:8081/profile/default.png');
INSERT INTO `user` VALUES (357, 'Brenda Martin', 'tvfo', 'n.skkbvs@ulndoazem.cd', '30055558', '江苏省盐城市', 'NORMAL', 'http://127.0.0.1:8081/profile/default.png');
INSERT INTO `user` VALUES (358, 'Margaret Anderson', 'wxdclvomqsalli', 'q.qudtxtuu@pxdvaw.dk', '79271248', '江苏省盐城市', 'NORMAL', 'http://127.0.0.1:8081/profile/default.png');
INSERT INTO `user` VALUES (359, 'Patricia Brown', 'qhv', 'u.bltvkdmki@bbxqgnjcf.aw', '63131817', '江苏省苏州市', 'NORMAL', 'http://127.0.0.1:8081/profile/default.png');
INSERT INTO `user` VALUES (360, 'Gary Anderson', 'bwdhpqj', 'y.zluffhgtl@bjunjocfgx.tw', '17733276', '江苏省苏州市', 'NORMAL', 'http://127.0.0.1:8081/profile/default.png');
INSERT INTO `user` VALUES (361, 'Paul Gonzalez', 'qnjomt', 'b.ammqfbxtq@gcl.be', '56775361', '江苏省镇江市', 'NORMAL', 'http://127.0.0.1:8081/profile/default.png');
INSERT INTO `user` VALUES (362, 'George Williams', 'kyiwfmtnhg', 'u.saepprplbf@oqkjftp.il', '74235281', '江苏省镇江市', 'NORMAL', 'http://127.0.0.1:8081/profile/default.png');
INSERT INTO `user` VALUES (363, 'Richard Robinson', 'rqplij', 't.nrnm@sbabydg.kg', '11784158', '江苏省无锡市', 'NORMAL', 'http://127.0.0.1:8081/profile/default.png');
INSERT INTO `user` VALUES (364, 'John White', 'escyvr', 'p.migdllkxi@nlmv.edu', '24789522', '江苏省无锡市', 'NORMAL', 'http://127.0.0.1:8081/profile/default.png');
INSERT INTO `user` VALUES (365, 'Frank Brown', 'kbdlp', 'k.vuuysbc@unykewqrlj.ae', '56156860', '江苏省常州市', 'NORMAL', 'http://127.0.0.1:8081/profile/default.png');
INSERT INTO `user` VALUES (366, 'Michael Rodriguez', 'ucxioeoqqz', 'd.ckdah@kvxgfsawf.au', '22816362', '江苏省常州市', 'NORMAL', 'http://127.0.0.1:8081/profile/default.png');
INSERT INTO `user` VALUES (367, 'Mark Williams', 'ypswslxfyqufk', 'm.uhskxeok@rheiidu.ml', '53375218', '江苏省盐城市', 'NORMAL', 'http://127.0.0.1:8081/profile/default.png');
INSERT INTO `user` VALUES (368, 'Matthew Garcia', 'lpddlndk', 'x.ktaoxyfchg@jzmqu.gp', '11472041', '江苏省盐城市', 'NORMAL', 'http://127.0.0.1:8081/profile/default.png');
INSERT INTO `user` VALUES (369, 'Joseph Allen', 'anxsrypkgdjlci', 'x.rvedfnydu@ntrjfvx.dj', '66629971', '江苏省宿迁市', 'NORMAL', 'http://127.0.0.1:8081/profile/default.png');
INSERT INTO `user` VALUES (370, 'Laura Davis', 'nubksggdvojbm', 'b.wcslxgvrtx@zjwjqemd.yu', '60821667', '江苏省泰州市', 'NORMAL', 'http://127.0.0.1:8081/profile/default.png');
INSERT INTO `user` VALUES (371, 'Helen Thompson', 'ounqrhvbveew', 'd.wbljv@ixqjr.jo', '14454275', '江苏省淮安市', 'NORMAL', 'http://127.0.0.1:8081/profile/default.png');
INSERT INTO `user` VALUES (372, 'Elizabeth Walker', 'bnjrfwt', 'h.imfjtno@qcdrssly.pro', '69740275', '江苏省扬州市', 'NORMAL', 'http://127.0.0.1:8081/profile/default.png');
INSERT INTO `user` VALUES (373, 'Kevin Gonzalez', 'ofwivhunngh', 'l.nbth@jzzhc.pk', '27230382', '江苏省镇江市', 'NORMAL', 'http://127.0.0.1:8081/profile/default.png');
INSERT INTO `user` VALUES (374, 'Melissa Taylor', 'xipkyyile', 'm.mnxhrxypm@ixpyfr.nf', '65674434', '江苏省镇江市', 'NORMAL', 'http://127.0.0.1:8081/profile/default.png');
INSERT INTO `user` VALUES (375, 'Brenda Wilson', 'dpbmryfr', 'w.tlcexnmgd@wviw.net', '76246142', '江苏省苏州市', 'NORMAL', 'http://127.0.0.1:8081/profile/default.png');
INSERT INTO `user` VALUES (376, 'Daniel Perez', 'ysdyfeu', 'h.kwhburapd@thiniobo.dk', '32368318', '江苏省镇江市', 'NORMAL', 'http://127.0.0.1:8081/profile/default.png');
INSERT INTO `user` VALUES (377, 'Jeffrey Clark', 'dvtqyp', 'o.vuzs@undbn.zr', '95375634', '江苏省镇江市', 'NORMAL', 'http://127.0.0.1:8081/profile/default.png');
INSERT INTO `user` VALUES (378, 'Mark Martin', 'gdfrxqwqjfquj', 'f.vjmufc@rsinlrv.mx', '68357865', '江苏省无锡市', 'NORMAL', 'http://127.0.0.1:8081/profile/default.png');
INSERT INTO `user` VALUES (379, 'Thomas Allen', 'htxwffcfrnfhlmt', 'e.ctcruj@oig.kp', '48698175', '江苏省无锡市', 'NORMAL', 'http://127.0.0.1:8081/profile/default.png');
INSERT INTO `user` VALUES (380, 'Michelle Lewis', 'sglucbvtxroc', 'x.vyurlqgnm@upixgx.fi', '57618259', '江苏省常州市', 'NORMAL', 'http://127.0.0.1:8081/profile/default.png');
INSERT INTO `user` VALUES (381, 'Jose Wilson', 'inqdmh', 'c.lfmbwjuju@ryddr.ro', '85122019', '江苏省无锡市', 'NORMAL', 'http://127.0.0.1:8081/profile/default.png');
INSERT INTO `user` VALUES (382, 'Dorothy Hall', 'klnnjkekyuhs', 'q.qkpjrx@cyn.cn', '97941388', '江苏省镇江市', 'NORMAL', 'http://127.0.0.1:8081/profile/default.png');
INSERT INTO `user` VALUES (383, 'Christopher Hall', 'thgxqsbu', 'x.qwu@jeidwptt.coop', '64682303', '江苏省镇江市', 'NORMAL', 'http://127.0.0.1:8081/profile/default.png');
INSERT INTO `user` VALUES (384, 'Karen Lewis', 'qjqp', 'p.okxk@amovcpseb.ve', '06795055', '江苏省无锡市', 'NORMAL', 'http://127.0.0.1:8081/profile/default.png');
INSERT INTO `user` VALUES (385, 'Betty Lewis', 'fbhqunyelxh', 'g.fiandox@xmjvjcxg.net', '84102642', '江苏省无锡市', 'NORMAL', 'http://127.0.0.1:8081/profile/default.png');
INSERT INTO `user` VALUES (386, 'Jeffrey Thompson', 'muuj', 'o.geaftiq@bnrqf.lk', '78988417', '江苏省常州市', 'NORMAL', 'http://127.0.0.1:8081/profile/default.png');
INSERT INTO `user` VALUES (387, 'Timothy Perez', 'dyh', 'p.bsshq@mprqbde.at', '45173062', '江苏省常州市', 'NORMAL', 'http://127.0.0.1:8081/profile/default.png');
INSERT INTO `user` VALUES (388, 'Laura Moore', 'xmuuidbfddsty', 'd.juxnhrfk@nuirgtdnz.td', '43537328', '江苏省泰州市', 'NORMAL', 'http://127.0.0.1:8081/profile/default.png');
INSERT INTO `user` VALUES (389, 'David Wilson', 'defgpxoilm', 'r.kmwhaj@cfqewjc.tg', '48659264', '江苏省淮安市', 'NORMAL', 'http://127.0.0.1:8081/profile/default.png');
INSERT INTO `user` VALUES (390, 'Shirley Lopez', 'ukkodgvxyhdi', 'f.fcqnewk@wtfvlwle.org.cn', '52646167', '江苏省扬州市', 'NORMAL', 'http://127.0.0.1:8081/profile/default.png');
INSERT INTO `user` VALUES (391, 'Angela Hernandez', 'popcbhsqgr', 'j.mlhiivto@cpkhf.id', '28874634', '江苏省南京市', 'NORMAL', 'http://127.0.0.1:8081/profile/default.png');
INSERT INTO `user` VALUES (392, 'Joseph Jackson', 'gobvijljtlhypt', 'i.hgab@mfbywkv.bn', '36381371', '江苏省徐州市', 'NORMAL', 'http://127.0.0.1:8081/profile/default.png');
INSERT INTO `user` VALUES (393, 'Frank Jones', 'ykhgw', 'k.vjejnx@wkzf.cu', '75044618', '江苏省镇江市', 'NORMAL', 'http://127.0.0.1:8081/profile/default.png');
INSERT INTO `user` VALUES (394, 'Steven Clark', 'usyew', 'j.qhquys@nrsstt.fk', '74512682', '江苏省镇江市', 'NORMAL', 'http://127.0.0.1:8081/profile/default.png');
INSERT INTO `user` VALUES (395, 'Scott Miller', 'dkhemgfg', 'h.xrc@kqxfmeiw.vg', '14464157', '江苏省无锡市', 'NORMAL', 'http://127.0.0.1:8081/profile/default.png');
INSERT INTO `user` VALUES (396, 'Thomas Taylor', 'kzspavyz', 'u.zcgi@hhgn.bd', '34419415', '江苏省宿迁市', 'NORMAL', 'http://127.0.0.1:8081/profile/default.png');
INSERT INTO `user` VALUES (397, 'Sharon Robinson', 'csqupmt', 'i.pcqoafbde@ygfbtcrt.pe', '67411415', '江苏省泰州市', 'NORMAL', 'http://127.0.0.1:8081/profile/default.png');
INSERT INTO `user` VALUES (398, 'Kevin Davis', 'cecsrglfkzngj', 'd.dqjljaev@delt.aq', '84765414', '江苏省淮安市', 'NORMAL', 'http://127.0.0.1:8081/profile/default.png');
INSERT INTO `user` VALUES (399, 'Deborah Clark', 'kvjsmnansec', 'd.ptes@sdkuek.pl', '86948567', '江苏省扬州市', 'NORMAL', 'http://127.0.0.1:8081/profile/default.png');
INSERT INTO `user` VALUES (400, 'George Harris', 'txkqigct', 'e.smdthhm@gefde.mv', '32631224', '江苏省南京市', 'NORMAL', 'http://127.0.0.1:8081/profile/default.png');
INSERT INTO `user` VALUES (401, 'Daniel Clark', 'wgsvjyqjzcmjk', 'j.nzcrxssbw@vfanja.ba', '53148565', '江苏省徐州市', 'NORMAL', 'http://127.0.0.1:8081/profile/default.png');
INSERT INTO `user` VALUES (402, 'Elizabeth Lopez', 'rxpi', 'r.krbxhyxy@ysqrtv.na', '11466947', '江苏省连云港市', 'NORMAL', 'http://127.0.0.1:8081/profile/default.png');
INSERT INTO `user` VALUES (403, 'Maria Martinez', 'ijtkvemqc', 'y.xvptievnds@ncsrhtsvb.il', '48421805', '江苏省连云港市', 'NORMAL', 'http://127.0.0.1:8081/profile/default.png');
INSERT INTO `user` VALUES (404, 'Jennifer Harris', 'nswlw', 's.fcpvf@vlrnqf.om', '76408407', '江苏省泰州市', 'NORMAL', 'http://127.0.0.1:8081/profile/default.png');
INSERT INTO `user` VALUES (405, 'Thomas Lewis', 'kzrtrdwss', 'q.shxvfik@jqwdbz.tn', '80230265', '江苏省淮安市', 'NORMAL', 'http://127.0.0.1:8081/profile/default.png');
INSERT INTO `user` VALUES (406, 'Anna Clark', 'vdodgtywjbm', 'u.zenobqlcp@brrau.tf', '35135212', '江苏省扬州市', 'NORMAL', 'http://127.0.0.1:8081/profile/default.png');
INSERT INTO `user` VALUES (407, 'Karen Moore', 'vneugssgewbdv', 't.wsjqw@xdwvxn.ph', '73854442', '江苏省镇江市', 'NORMAL', 'http://127.0.0.1:8081/profile/default.png');
INSERT INTO `user` VALUES (408, 'Angela Brown', 'ebwfnjh', 'k.muvcar@fvrtprli.td', '47723873', '江苏省镇江市', 'NORMAL', 'http://127.0.0.1:8081/profile/default.png');
INSERT INTO `user` VALUES (409, 'Matthew Miller', 'ogauwewjuyb', 'z.vctvenvlo@xqgyhf.ls', '18858397', '江苏省无锡市', 'NORMAL', 'http://127.0.0.1:8081/profile/default.png');
INSERT INTO `user` VALUES (410, 'Mary Lewis', 'oyjorsfppr', 's.uoo@fbzyjfjnb.name', '28762848', '江苏省无锡市', 'NORMAL', 'http://127.0.0.1:8081/profile/default.png');
INSERT INTO `user` VALUES (411, 'Maria Young', 'itisllsrk', 'v.swnk@admtpqqw.tc', '55794521', '江苏省常州市', 'NORMAL', 'http://127.0.0.1:8081/profile/default.png');
INSERT INTO `user` VALUES (412, 'Margaret Anderson', 'jvwskx', 'b.mszwodpb@hbsfesh.gi', '86709705', '江苏省常州市', 'NORMAL', 'http://127.0.0.1:8081/profile/default.png');
INSERT INTO `user` VALUES (413, 'Eric Allen', 'kdic', 'o.enqumxu@hwrmqmy.cx', '34982717', '江苏省南京市', 'NORMAL', 'http://127.0.0.1:8081/profile/default.png');
INSERT INTO `user` VALUES (414, 'Maria Lee', 'bqrhcgxo', 'g.rsgzpgriuk@rnrnu.zr', '50325793', '江苏省镇江市', 'NORMAL', 'http://127.0.0.1:8081/profile/default.png');
INSERT INTO `user` VALUES (415, 'Charles Martinez', 'wbnlxdhws', 'l.dbduskvf@ekbmxgurqs.ck', '93301886', '江苏省镇江市', 'NORMAL', 'http://127.0.0.1:8081/profile/default.png');
INSERT INTO `user` VALUES (416, 'William Young', 'nthtklvqjg', 's.sfe@aqupaalkrk.edu', '87978118', '江苏省无锡市', 'NORMAL', 'http://127.0.0.1:8081/profile/default.png');
INSERT INTO `user` VALUES (417, 'Carol Williams', 'vetmfkxon', 'h.uxhp@crvu.bs', '48319271', '江苏省无锡市', 'NORMAL', 'http://127.0.0.1:8081/profile/default.png');
INSERT INTO `user` VALUES (418, 'Brenda Perez', 'mkumoiyn', 'a.zwuopuzbbx@hyttjde.fi', '12050347', '江苏省常州市', 'NORMAL', 'http://127.0.0.1:8081/profile/default.png');
INSERT INTO `user` VALUES (419, 'Paul Hernandez', 'cnuunazsuy', 'w.zmxkd@xbvw.ai', '63412246', '江苏省常州市', 'NORMAL', 'http://127.0.0.1:8081/profile/default.png');
INSERT INTO `user` VALUES (420, 'Lisa Perez', 'qwotqhoquxu', 'q.sftcw@fholzinm.qa', '49837297', '江苏省南通市', 'NORMAL', 'http://127.0.0.1:8081/profile/default.png');
INSERT INTO `user` VALUES (421, 'Barbara Rodriguez', 'qbdofazqia', 'j.nojs@rejjvyes.qa', '23212741', '江苏省南通市', 'NORMAL', 'http://127.0.0.1:8081/profile/default.png');
INSERT INTO `user` VALUES (422, 'Kenneth Taylor', 'nzi', 'u.fggrob@hruyl.si', '68641426', '江苏省南通市', 'NORMAL', 'http://127.0.0.1:8081/profile/default.png');
INSERT INTO `user` VALUES (423, 'Dorothy Lee', 'ligbzvnpenhje', 'g.vsfvzqu@mxlifnf.lr', '65661297', '江苏省南通市', 'NORMAL', 'http://127.0.0.1:8081/profile/default.png');
INSERT INTO `user` VALUES (424, 'Kenneth Wilson', 'nsvgdd', 'x.wpwo@mmqxc.ne', '03351244', '江苏省南京市', 'NORMAL', 'http://127.0.0.1:8081/profile/default.png');
INSERT INTO `user` VALUES (425, 'Dorothy Miller', 'zejppfsn', 'j.etcxqhyul@fcgdhugj.cf', '18714838', '江苏省盐城市', 'NORMAL', 'http://127.0.0.1:8081/profile/default.png');
INSERT INTO `user` VALUES (426, 'Scott Lopez', 'orsozw', 't.gqdlv@bjncheb.pe', '22176526', '江苏省盐城市', 'NORMAL', 'http://127.0.0.1:8081/profile/default.png');
INSERT INTO `user` VALUES (427, 'Thomas Hall', 'oaifiv', 'e.qvmeriq@kljynhe.ie', '68276778', '江苏省宿迁市', 'NORMAL', 'http://127.0.0.1:8081/profile/default.png');
INSERT INTO `user` VALUES (428, 'Lisa Lee', 'vrmnhjxjse', 'j.qswr@fglq.ae', '61308548', '江苏省泰州市', 'NORMAL', 'http://127.0.0.1:8081/profile/default.png');
INSERT INTO `user` VALUES (429, 'Anthony Young', 'dlciqofu', 'u.iphifwhm@qkjlxd.ng', '74145977', '江苏省淮安市', 'NORMAL', 'http://127.0.0.1:8081/profile/default.png');
INSERT INTO `user` VALUES (430, 'Linda Young', 'bliz', 't.box@npohicvmi.tt', '85975522', '江苏省扬州市', 'NORMAL', 'http://127.0.0.1:8081/profile/default.png');
INSERT INTO `user` VALUES (431, 'John White', 'nqjrdjoxvycs', 'r.ctbwl@qulhmwlt.za', '97326201', '江苏省南通市', 'NORMAL', 'http://127.0.0.1:8081/profile/default.png');
INSERT INTO `user` VALUES (432, 'Scott Anderson', 'icxpkujmp', 'c.lrlgyoms@net.sa', '80314165', '江苏省南通市', 'NORMAL', 'http://127.0.0.1:8081/profile/default.png');
INSERT INTO `user` VALUES (433, 'Anna Gonzalez', 'blwmkvdeoksmi', 'k.bkewqpgpyk@qvjbu.uy', '52028462', '江苏省苏州市', 'NORMAL', 'http://127.0.0.1:8081/profile/default.png');
INSERT INTO `user` VALUES (434, 'Carol Thomas', 'nxnfhj', 's.oho@ytdeg.mr', '97837255', '江苏省镇江市', 'NORMAL', 'http://127.0.0.1:8081/profile/default.png');
INSERT INTO `user` VALUES (435, 'Carol Lee', 'lwmb', 'k.mltmouj@yrefdhfkm.cm', '38620438', '江苏省镇江市', 'NORMAL', 'http://127.0.0.1:8081/profile/default.png');
INSERT INTO `user` VALUES (436, 'Gary Perez', 'cpjqeqfg', 'v.trgswj@jvsvzk.bh', '58174624', '江苏省无锡市', 'NORMAL', 'http://127.0.0.1:8081/profile/default.png');
INSERT INTO `user` VALUES (437, 'Kenneth Lee', 'hseuzrvsikdid', 'j.hjem@snkwjlucd.ec', '11873959', '江苏省无锡市', 'NORMAL', 'http://127.0.0.1:8081/profile/default.png');
INSERT INTO `user` VALUES (438, 'Deborah Allen', 'jjyflt', 'f.tcwpqgsil@nyorkp.museum', '87033751', '江苏省常州市', 'NORMAL', 'http://127.0.0.1:8081/profile/default.png');
INSERT INTO `user` VALUES (439, 'Anthony White', 'csirpfcimps', 'j.cjxjwqrv@nwocp.mx', '67734134', '江苏省常州市', 'NORMAL', 'http://127.0.0.1:8081/profile/default.png');
INSERT INTO `user` VALUES (440, 'Richard Perez', 'rerymerwdygq', 'k.hfbc@nlpiqc.ke', '38813234', '江苏省南京市', 'NORMAL', 'http://127.0.0.1:8081/profile/default.png');
INSERT INTO `user` VALUES (441, 'Amy Lopez', 'dwwm', 'a.kyyy@oqcbqbnqe.lu', '78448770', '江苏省镇江市', 'NORMAL', 'http://127.0.0.1:8081/profile/default.png');
INSERT INTO `user` VALUES (442, 'Donald Robinson', 'sjijqcpeuesiy', 'h.eixb@hvepxybbw.com.cn', '48231974', '江苏省镇江市', 'NORMAL', 'http://127.0.0.1:8081/profile/default.png');
INSERT INTO `user` VALUES (443, 'Michelle Smith', 'pdbrjfwqnciae', 'k.sxhfotikvs@ymhnnr.pk', '84670531', '江苏省宿迁市', 'NORMAL', 'http://127.0.0.1:8081/profile/default.png');
INSERT INTO `user` VALUES (444, 'Edward Garcia', 'koijewcpcczwp', 'j.bqcbsy@qwqgbopmhf.mp', '13743178', '江苏省泰州市', 'NORMAL', 'http://127.0.0.1:8081/profile/default.png');
INSERT INTO `user` VALUES (445, 'James Wilson', 'uqpptbfduyiw', 'q.moftjr@eiqk.mz', '17888546', '江苏省淮安市', 'NORMAL', 'http://127.0.0.1:8081/profile/default.png');
INSERT INTO `user` VALUES (446, 'Angela Clark', 'nvrmymi', 'j.cllbfr@cxrgonoqci.int', '74325055', '江苏省扬州市', 'NORMAL', 'http://127.0.0.1:8081/profile/default.png');
INSERT INTO `user` VALUES (447, 'Charles Hall', 'lkvcey', 'b.ircf@lpjvu.asia', '51291665', '江苏省盐城市', 'NORMAL', 'http://127.0.0.1:8081/profile/default.png');
INSERT INTO `user` VALUES (448, 'Eric Harris', 'irfnukuycckibp', 'x.geemalrzd@upmeeyzh.lc', '15707831', '江苏省连云港市', 'NORMAL', 'http://127.0.0.1:8081/profile/default.png');
INSERT INTO `user` VALUES (449, 'Anthony Smith', 'imtpz', 'j.oucgoagkwj@vyvjliydo.se', '62223661', '江苏省泰州市', 'NORMAL', 'http://127.0.0.1:8081/profile/default.png');
INSERT INTO `user` VALUES (450, 'Jeffrey Perez', 'bhvuolbpnny', 'x.pwodog@wwwqrcy.pr', '75477412', '江苏省淮安市', 'NORMAL', 'http://127.0.0.1:8081/profile/default.png');
INSERT INTO `user` VALUES (451, 'John Clark', 'xgvewgtkfmlai', 'q.kplosk@gmmdntv.za', '76443032', '江苏省扬州市', 'NORMAL', 'http://127.0.0.1:8081/profile/default.png');
INSERT INTO `user` VALUES (452, 'David Thomas', 'cwmul', 'p.opvf@qlx.ng', '64918728', '江苏省南京市', 'NORMAL', 'http://127.0.0.1:8081/profile/default.png');
INSERT INTO `user` VALUES (453, 'Karen Thomas', 'mjdvwwokfrrrex', 'u.vnf@usmk.gu', '17198167', '江苏省徐州市', 'NORMAL', 'http://127.0.0.1:8081/profile/default.png');
INSERT INTO `user` VALUES (454, 'Larry Perez', 'kwfgt', 'a.irql@fqfwdttme.ag', '58064113', '江苏省盐城市', 'NORMAL', 'http://127.0.0.1:8081/profile/default.png');
INSERT INTO `user` VALUES (455, 'Sharon Wilson', 'cte', 'p.idopyn@lpxfo.fo', '37133573', '江苏省宿迁市', 'NORMAL', 'http://127.0.0.1:8081/profile/default.png');
INSERT INTO `user` VALUES (456, 'Ruth Taylor', 'qoojmrqestwfq', 'x.jcqs@pmfqlqq.com.cn', '01028044', '江苏省盐城市', 'NORMAL', 'http://127.0.0.1:8081/profile/default.png');
INSERT INTO `user` VALUES (457, 'Michael Perez', 'uoadgte', 'l.jlnudqhirp@tgqe.cl', '56708782', '江苏省宿迁市', 'NORMAL', 'http://127.0.0.1:8081/profile/default.png');
INSERT INTO `user` VALUES (458, 'Dorothy Martinez', 'wkpqfmmq', 's.vhjcp@gthsncwjq.gp', '44662567', '江苏省泰州市', 'NORMAL', 'http://127.0.0.1:8081/profile/default.png');
INSERT INTO `user` VALUES (459, 'Susan Lopez', 'ydepyrqlvskavf', 'b.yboocw@mvxwu.qa', '91211665', '江苏省淮安市', 'NORMAL', 'http://127.0.0.1:8081/profile/default.png');
INSERT INTO `user` VALUES (460, 'Nancy Garcia', 'wsst', 'b.frucqlj@znujastfw.aero', '36381318', '江苏省扬州市', 'NORMAL', 'http://127.0.0.1:8081/profile/default.png');
INSERT INTO `user` VALUES (461, 'Ronald Walker', 'idesihexiejji', 'z.ftufll@zgsngrl.is', '63802631', '江苏省南京市', 'NORMAL', 'http://127.0.0.1:8081/profile/default.png');
INSERT INTO `user` VALUES (462, 'Ruth Walker', 'chokmqtbg', 'b.gktlgdyfy@idxns.om', '81493131', '江苏省徐州市', 'NORMAL', 'http://127.0.0.1:8081/profile/default.png');
INSERT INTO `user` VALUES (463, 'Jennifer White', 'xuevwofcthsd', 'f.dsfsbix@vkpyombop.ad', '71232332', '江苏省连云港市', 'NORMAL', 'http://127.0.0.1:8081/profile/default.png');
INSERT INTO `user` VALUES (464, 'Susan Miller', 'jpxm', 'd.xykmdhn@hjvbojuz.tw', '18226360', '江苏省连云港市', 'NORMAL', 'http://127.0.0.1:8081/profile/default.png');
INSERT INTO `user` VALUES (465, 'Nancy Taylor', 'rcrnwjwtyfeqhr', 'h.ccc@kywhovql.lr', '79468213', '江苏省泰州市', 'NORMAL', 'http://127.0.0.1:8081/profile/default.png');
INSERT INTO `user` VALUES (466, 'Patricia Miller', 'enwitl', 'r.vrlhkqd@qhpzfhk.my', '79371832', '江苏省淮安市', 'NORMAL', 'http://127.0.0.1:8081/profile/default.png');
INSERT INTO `user` VALUES (467, 'Daniel Rodriguez', 'kxthcnvnkjjwujm', 'b.xwjykd@sxggic.bs', '57311672', '江苏省扬州市', 'NORMAL', 'http://127.0.0.1:8081/profile/default.png');
INSERT INTO `user` VALUES (468, 'George Anderson', 'mtihuzvdkvb', 'n.gsxdcedhk@vlrk.md', '75061942', '江苏省南京市', 'NORMAL', 'http://127.0.0.1:8081/profile/default.png');
INSERT INTO `user` VALUES (469, 'George Davis', 'tvlyh', 't.wllzqvtu@vpe.hk', '44108436', '江苏省盐城市', 'NORMAL', 'http://127.0.0.1:8081/profile/default.png');
INSERT INTO `user` VALUES (470, 'Gary Gonzalez', 'crs', 'n.samje@cxrx.ls', '54179213', '江苏省盐城市', 'NORMAL', 'http://127.0.0.1:8081/profile/default.png');
INSERT INTO `user` VALUES (471, 'Christopher Garcia', 'iqriyttypgmt', 'l.hkbrpcw@aofx.aero', '99723238', '江苏省泰州市', 'NORMAL', 'http://127.0.0.1:8081/profile/default.png');
INSERT INTO `user` VALUES (472, 'Jason Brown', 'bqvxhpx', 't.meqog@zxqzftfz.中国', '95870750', '江苏省淮安市', 'NORMAL', 'http://127.0.0.1:8081/profile/default.png');
INSERT INTO `user` VALUES (473, 'Melissa Martin', 'gdh', 'i.ksnybgh@biknhqil.as', '62425026', '江苏省扬州市', 'NORMAL', 'http://127.0.0.1:8081/profile/default.png');
INSERT INTO `user` VALUES (474, 'Frank Allen', 'begertfgfmvp', 'o.nckxqodb@ggeuvyi.va', '85441358', '江苏省南京市', 'NORMAL', 'http://127.0.0.1:8081/profile/default.png');
INSERT INTO `user` VALUES (475, 'Deborah Young', 'fhhsogtnokndom', 'n.mrovnuug@nwewlb.gov.cn', '47894823', '江苏省徐州市', 'NORMAL', 'http://127.0.0.1:8081/profile/default.png');
INSERT INTO `user` VALUES (476, 'Deborah Clark', 'xepdytw', 'n.jeebuikj@kqinetifj.co', '61590556', '江苏省盐城市', 'NORMAL', 'http://127.0.0.1:8081/profile/default.png');
INSERT INTO `user` VALUES (477, 'Paul Hernandez', 'itkopkkr', 'b.vgnmd@nmmm.tr', '17252426', '江苏省盐城市', 'NORMAL', 'http://127.0.0.1:8081/profile/default.png');
INSERT INTO `user` VALUES (478, 'Linda Allen', 'perje', 'm.fgpcblp@ldflk.ky', '43685328', '江苏省苏州市', 'NORMAL', 'http://127.0.0.1:8081/profile/default.png');
INSERT INTO `user` VALUES (479, 'Laura Anderson', 'oro', 'x.urjsryn@wvmrwew.uk', '18566862', '江苏省苏州市', 'NORMAL', 'http://127.0.0.1:8081/profile/default.png');
INSERT INTO `user` VALUES (480, 'Jennifer Jackson', 'sefuqvnbdk', 'w.grzkbhekn@mimiw.tm', '35273346', '江苏省南通市', 'NORMAL', 'http://127.0.0.1:8081/profile/default.png');
INSERT INTO `user` VALUES (481, 'Carol Rodriguez', 'tfgrkh', 'y.nllr@lufykr.ae', '87358820', '江苏省常州市', 'NORMAL', 'http://127.0.0.1:8081/profile/default.png');
INSERT INTO `user` VALUES (482, 'James Martin', 'zhceooklcqulfr', 'h.drxdkg@gfmuzrkfvb.fr', '44068773', '江苏省徐州市', 'NORMAL', 'http://127.0.0.1:8081/profile/default.png');
INSERT INTO `user` VALUES (483, 'Sharon Johnson', 'cxnhpsgy', 'h.sucyv@lwmsqfqcl.pe', '58581940', '江苏省无锡市', 'NORMAL', 'http://127.0.0.1:8081/profile/default.png');
INSERT INTO `user` VALUES (484, 'Thomas Thompson', 'jufhg', 'h.gcllodxo@vixpvt.ee', '78518573', '江苏省常州市', 'NORMAL', 'http://127.0.0.1:8081/profile/default.png');
INSERT INTO `user` VALUES (485, 'Charles Johnson', 'mbdhgcrfkey', 'x.ghwxl@qpvsy.pa', '66188037', '江苏省徐州市', 'NORMAL', 'http://127.0.0.1:8081/profile/default.png');
INSERT INTO `user` VALUES (486, 'James Wilson', 'igljzybrslg', 'u.tvgyccy@xtsqt.ar', '92880868', '江苏省无锡市', 'NORMAL', 'http://127.0.0.1:8081/profile/default.png');
INSERT INTO `user` VALUES (487, 'Timothy Young', 'eofyomq', 'i.edu@qdqqv.zm', '54332563', '江苏省盐城市', 'NORMAL', 'http://127.0.0.1:8081/profile/default.png');
INSERT INTO `user` VALUES (488, 'Patricia Williams', 'ohirshvy', 'k.vtmob@psssleqb.pn', '62235239', '江苏省宿迁市', 'NORMAL', 'http://127.0.0.1:8081/profile/default.png');
INSERT INTO `user` VALUES (489, 'Timothy Harris', 'ssibx', 'p.ldy@ljvrc.hu', '33435878', '江苏省泰州市', 'NORMAL', 'http://127.0.0.1:8081/profile/default.png');
INSERT INTO `user` VALUES (490, 'Elizabeth Thompson', 'ttzpfblqi', 'a.tollmntarl@qun.cn', '96286769', '江苏省淮安市', 'NORMAL', 'http://127.0.0.1:8081/profile/default.png');
INSERT INTO `user` VALUES (491, 'Kimberly Garcia', 'iuxtdjxjcihccb', 'm.ifwjy@bkocjl.cg', '28387321', '江苏省扬州市', 'NORMAL', 'http://127.0.0.1:8081/profile/default.png');
INSERT INTO `user` VALUES (492, 'Linda Johnson', 'vjgeskshm', 'i.qtklmt@wmkrf.cc', '55215722', '江苏省南通市', 'NORMAL', 'http://127.0.0.1:8081/profile/default.png');
INSERT INTO `user` VALUES (493, 'Helen Moore', 'gegwggysbpyiv', 'p.irs@ymxrpyvk.gt', '17835049', '江苏省南通市', 'NORMAL', 'http://127.0.0.1:8081/profile/default.png');
INSERT INTO `user` VALUES (494, 'Ronald Jackson', 'upade', 'l.ftxg@itzj.br', '92385165', '江苏省苏州市', 'NORMAL', 'http://127.0.0.1:8081/profile/default.png');
INSERT INTO `user` VALUES (495, 'Robert Miller', 'vew', 'w.sbgk@pvnutwin.vc', '22726326', '江苏省苏州市', 'NORMAL', 'http://127.0.0.1:8081/profile/default.png');
INSERT INTO `user` VALUES (496, 'Brenda White', 'hogpu', 'p.vjdft@xefdgwieg.eg', '37370373', '江苏省常州市', 'NORMAL', 'http://127.0.0.1:8081/profile/default.png');
INSERT INTO `user` VALUES (497, 'Shirley Lewis', 'onny', 'm.fjqvdq@kggwxdtex.cl', '29878624', '江苏省徐州市', 'NORMAL', 'http://127.0.0.1:8081/profile/default.png');
INSERT INTO `user` VALUES (498, 'Jennifer Johnson', 'aap', 'e.nvx@qwqb.pk', '58596784', '江苏省无锡市', 'NORMAL', 'http://127.0.0.1:8081/profile/default.png');
INSERT INTO `user` VALUES (499, 'Steven Rodriguez', 'hthnjcjekrnhmrc', 'u.bexhmjt@ncmoaue.it', '24461831', '江苏省南通市', 'NORMAL', 'http://127.0.0.1:8081/profile/default.png');
INSERT INTO `user` VALUES (500, 'Robert Anderson', 'tqjfzijr', 's.bxqqd@rndp.int', '18659414', '江苏省盐城市', 'NORMAL', 'http://127.0.0.1:8081/profile/default.png');
INSERT INTO `user` VALUES (501, 'Melissa Gonzalez', 'beob', 'y.tiehq@sfe.tp', '13748237', '江苏省连云港市', 'NORMAL', 'http://127.0.0.1:8081/profile/default.png');
INSERT INTO `user` VALUES (502, 'Jessica Rodriguez', 'lfuorntvrmcex', 'h.mudc@cisjyxvm.cv', '42385597', '江苏省泰州市', 'NORMAL', 'http://127.0.0.1:8081/profile/default.png');
INSERT INTO `user` VALUES (503, 'Lisa White', 'nsivjkfvkd', 'q.cnmelqe@wykhegbm.af', '03669664', '江苏省常州市', 'NORMAL', 'http://127.0.0.1:8081/profile/default.png');
INSERT INTO `user` VALUES (504, 'Sandra Garcia', 'dpetcvtptxud', 'j.qdiwbaaja@wbmjxjm.bh', '28271642', '江苏省徐州市', 'NORMAL', 'http://127.0.0.1:8081/profile/default.png');
INSERT INTO `user` VALUES (505, 'Donna Taylor', 'tdveaealbofvif', 'b.sbxhi@kremv.eh', '15614424', '江苏省无锡市', 'NORMAL', 'http://127.0.0.1:8081/profile/default.png');
INSERT INTO `user` VALUES (506, 'Paul Thomas', 'oicpkvq', 'e.jtrj@xcdt.ls', '47292033', '江苏省镇江市', 'NORMAL', 'http://127.0.0.1:8081/profile/default.png');
INSERT INTO `user` VALUES (507, 'Dorothy Clark', 'hguxfdzhivnsft', 'f.flrshgujja@mwiw.dj', '85855782', '江苏省盐城市', 'NORMAL', 'http://127.0.0.1:8081/profile/default.png');
INSERT INTO `user` VALUES (508, 'Sarah Taylor', 'faukms', 'i.klkopn@comghqufvs.cg', '55679458', '江苏省宿迁市', 'NORMAL', 'http://127.0.0.1:8081/profile/default.png');
INSERT INTO `user` VALUES (509, 'Melissa Clark', 'aguywhiuvycy', 'v.clhxptuy@hkljsle.gb', '55495206', '江苏省盐城市', 'NORMAL', 'http://127.0.0.1:8081/profile/default.png');
INSERT INTO `user` VALUES (510, 'William Harris', 'niophzi', 'n.expuovou@mlgwyhdyq.rw', '96850831', '江苏省宿迁市', 'NORMAL', 'http://127.0.0.1:8081/profile/default.png');
INSERT INTO `user` VALUES (511, 'John Davis', 'vnlsq', 'i.flsspfms@cbepqr.it', '88632264', '江苏省泰州市', 'NORMAL', 'http://127.0.0.1:8081/profile/default.png');
INSERT INTO `user` VALUES (512, 'Larry Johnson', 'mewsne', 'f.soypo@melx.sh', '84428728', '江苏省常州市', 'NORMAL', 'http://127.0.0.1:8081/profile/default.png');
INSERT INTO `user` VALUES (513, 'Mary White', 'ymce', 'q.vcjlliau@tadbx.lu', '37819479', '江苏省徐州市', 'NORMAL', 'http://127.0.0.1:8081/profile/default.png');
INSERT INTO `user` VALUES (514, 'Barbara Harris', 'knfwistxlaqb', 'c.txopk@virri.kr', '44434302', '江苏省南京市', 'NORMAL', 'http://127.0.0.1:8081/profile/default.png');
INSERT INTO `user` VALUES (515, 'Larry Thompson', 'rnqvflsidgimk', 'f.liflsy@ikwwgozi.iq', '44326366', '江苏省徐州市', 'NORMAL', 'http://127.0.0.1:8081/profile/default.png');
INSERT INTO `user` VALUES (516, 'David Hall', 'cykeoe', 'k.bpedih@ttwllngn.ir', '08878178', '江苏省连云港市', 'NORMAL', 'http://127.0.0.1:8081/profile/default.png');
INSERT INTO `user` VALUES (517, 'Kenneth Allen', 'ntwl', 'n.ftv@vmtpixjyte.jo', '10352102', '江苏省连云港市', 'NORMAL', 'http://127.0.0.1:8081/profile/default.png');
INSERT INTO `user` VALUES (518, 'Eric Lewis', 'txafwosqr', 'w.ofj@jkdzwk.bw', '46002466', '江苏省泰州市', 'NORMAL', 'http://127.0.0.1:8081/profile/default.png');
INSERT INTO `user` VALUES (519, 'Kimberly Wilson', 'ilzrscrx', 'h.sioulbd@lckgqsrl.mt', '41165174', '江苏省淮安市', 'NORMAL', 'http://127.0.0.1:8081/profile/default.png');
INSERT INTO `user` VALUES (520, 'Jennifer Hernandez', 'auahjxiphilnm', 'h.lybu@tulwoc.tz', '91501728', '江苏省扬州市', 'NORMAL', 'http://127.0.0.1:8081/profile/default.png');
INSERT INTO `user` VALUES (521, 'Patricia Jones', 'ehwkmwssoszcc', 'd.jqomueun@xlqvkfh.sm', '77538566', '江苏省南京市', 'NORMAL', 'http://127.0.0.1:8081/profile/default.png');
INSERT INTO `user` VALUES (522, 'Kevin Lewis', 'cirfxaxjuix', 'y.uijwewd@xdwoqpb.museum', '59430524', '江苏省盐城市', 'NORMAL', 'http://127.0.0.1:8081/profile/default.png');
INSERT INTO `user` VALUES (523, 'Matthew Anderson', 'wyjdmrfhjo', 'n.wlyew@ezokjqocio.ye', '57128806', '江苏省盐城市', 'NORMAL', 'http://127.0.0.1:8081/profile/default.png');
INSERT INTO `user` VALUES (524, 'Paul Clark', 'iytujhl', 'p.bifeng@xukhyror.ge', '66715914', '江苏省泰州市', 'NORMAL', 'http://127.0.0.1:8081/profile/default.png');
INSERT INTO `user` VALUES (525, 'Timothy Anderson', 'rqgi', 'n.okgur@gvrjqbgzgk.cg', '66741302', '江苏省淮安市', 'NORMAL', 'http://127.0.0.1:8081/profile/default.png');
INSERT INTO `user` VALUES (526, 'David Young', 'kktzajlkij', 'k.ssfifw@nsvy.iq', '36126464', '江苏省扬州市', 'NORMAL', 'http://127.0.0.1:8081/profile/default.png');
INSERT INTO `user` VALUES (527, 'Deborah Taylor', 'nqeqqipjg', 'n.vhkgri@dwui.nc', '65282763', '江苏省常州市', 'NORMAL', 'http://127.0.0.1:8081/profile/default.png');
INSERT INTO `user` VALUES (528, 'Amy Taylor', 'rrnidcx', 'e.szxltyxr@jopjh.pm', '48117308', '江苏省徐州市', 'NORMAL', 'http://127.0.0.1:8081/profile/default.png');
INSERT INTO `user` VALUES (529, 'James Lewis', 'obmjanbfewnwb', 'y.udqrqdyca@pcgmbywvsp.gb', '53051896', '江苏省无锡市', 'NORMAL', 'http://127.0.0.1:8081/profile/default.png');
INSERT INTO `user` VALUES (530, 'John Hall', 'bwosfk', 'r.nkynk@ibildv.mil', '55822023', '江苏省镇江市', 'NORMAL', 'http://127.0.0.1:8081/profile/default.png');
INSERT INTO `user` VALUES (531, 'Amy Jackson', 'rcmmu', 'o.yjutmwr@vncrv.ne', '96574395', '江苏省常州市', 'NORMAL', 'http://127.0.0.1:8081/profile/default.png');
INSERT INTO `user` VALUES (532, 'Jessica Wilson', 'yyogyrnlxq', 'r.aosk@vubuivt.sh', '46741420', '江苏省徐州市', 'NORMAL', 'http://127.0.0.1:8081/profile/default.png');
INSERT INTO `user` VALUES (533, 'Carol Walker', 'nfcgg', 'c.hbylyhhml@jjybthqqi.fj', '87855735', '江苏省无锡市', 'NORMAL', 'http://127.0.0.1:8081/profile/default.png');
INSERT INTO `user` VALUES (534, 'Angela Young', 'dugupawqx', 'm.cgr@rox.lc', '66135874', '江苏省镇江市', 'NORMAL', 'http://127.0.0.1:8081/profile/default.png');
INSERT INTO `user` VALUES (535, 'Cynthia Clark', 'npvqmkidnov', 'p.lckswn@ilonmgwuvt.tk', '44207971', '江苏省南通市', 'NORMAL', 'http://127.0.0.1:8081/profile/default.png');
INSERT INTO `user` VALUES (536, 'Michael Johnson', 'yfnlddr', 'v.nfcnqxu@ghflmq.中国互联.网络', '16225422', '江苏省南通市', 'NORMAL', 'http://127.0.0.1:8081/profile/default.png');
INSERT INTO `user` VALUES (537, 'Laura Thompson', 'vxcjyghvto', 'x.yusnguuns@kifctste.ie', '94530781', '江苏省南通市', 'NORMAL', 'http://127.0.0.1:8081/profile/default.png');
INSERT INTO `user` VALUES (538, 'Helen Martinez', 'tvqt', 'p.nkon@jpfoyozyjt.nf', '78797356', '江苏省南京市', 'NORMAL', 'http://127.0.0.1:8081/profile/default.png');
INSERT INTO `user` VALUES (539, 'Helen Rodriguez', 'tpnuvqwsrpb', 'i.zjkz@iwdoymnir.vn', '72123763', '江苏省盐城市', 'NORMAL', 'http://127.0.0.1:8081/profile/default.png');
INSERT INTO `user` VALUES (540, 'Ruth Garcia', 'jfxous', 'b.scbwlq@pexepq.la', '95749177', '江苏省盐城市', 'NORMAL', 'http://127.0.0.1:8081/profile/default.png');
INSERT INTO `user` VALUES (541, 'Joseph Moore', 'flotay', 'i.zvieqix@wtvshphv.cq', '71262130', '江苏省宿迁市', 'NORMAL', 'http://127.0.0.1:8081/profile/default.png');
INSERT INTO `user` VALUES (542, 'Mary Gonzalez', 'yiklrjdvlcocy', 'w.rbreeljvzr@nlgq.pr', '04413585', '江苏省泰州市', 'NORMAL', 'http://127.0.0.1:8081/profile/default.png');
INSERT INTO `user` VALUES (543, 'Michael Williams', 'zhclffqagaepck', 'b.xxo@okrwid.name', '81912234', '江苏省淮安市', 'NORMAL', 'http://127.0.0.1:8081/profile/default.png');
INSERT INTO `user` VALUES (544, 'Lisa Harris', 'hgtru', 'd.geykai@tgcfirbt.mc', '68756919', '江苏省扬州市', 'NORMAL', 'http://127.0.0.1:8081/profile/default.png');
INSERT INTO `user` VALUES (545, 'Scott Smith', 'hfegujjrebkwxti', 'z.ptasdyi@whds.ye', '93964389', '江苏省南通市', 'NORMAL', 'http://127.0.0.1:8081/profile/default.png');
INSERT INTO `user` VALUES (546, 'David Robinson', 'yic', 'z.smjvgq@beoyqqr.mr', '30551936', '江苏省南通市', 'NORMAL', 'http://127.0.0.1:8081/profile/default.png');
INSERT INTO `user` VALUES (547, 'Kenneth Jones', 'amdwotfrasee', 'w.wmroenyql@reuliqp.cx', '82844244', '江苏省苏州市', 'NORMAL', 'http://127.0.0.1:8081/profile/default.png');
INSERT INTO `user` VALUES (548, 'Jose Martinez', 'nhfm', 'y.lhccbvd@qdoxkcr.ne', '45658623', '江苏省苏州市', 'NORMAL', 'http://127.0.0.1:8081/profile/default.png');
INSERT INTO `user` VALUES (549, 'Jessica Wilson', 'dbbewmddcpjt', 'e.upeej@edjs.td', '18129936', '江苏省南通市', 'NORMAL', 'http://127.0.0.1:8081/profile/default.png');
INSERT INTO `user` VALUES (550, 'Daniel Allen', 'gljevezbxs', 'e.hycxxn@znxisfecd.lk', '91035848', '江苏省南通市', 'NORMAL', 'http://127.0.0.1:8081/profile/default.png');
INSERT INTO `user` VALUES (551, 'Joseph Hernandez', 'xenklmwea', 'm.muxl@pnqpq.pg', '45113502', '江苏省镇江市', 'NORMAL', 'http://127.0.0.1:8081/profile/default.png');
INSERT INTO `user` VALUES (552, 'Ronald Lewis', 'jwddskgznv', 'x.lkmewbmnba@murccggsk.ki', '08187529', '江苏省镇江市', 'NORMAL', 'http://127.0.0.1:8081/profile/default.png');
INSERT INTO `user` VALUES (553, 'Linda Williams', 'ugxksc', 'f.husrcf@xlvhp.eg', '12191587', '江苏省无锡市', 'NORMAL', 'http://127.0.0.1:8081/profile/default.png');
INSERT INTO `user` VALUES (554, 'Sandra White', 'fqbjxsbnrn', 'f.aotid@blhztfld.ir', '43898843', '江苏省无锡市', 'NORMAL', 'http://127.0.0.1:8081/profile/default.png');
INSERT INTO `user` VALUES (555, 'Brian Lewis', 'brhctvqeawfsgw', 'k.uljmu@sfhytd.info', '68476131', '江苏省常州市', 'NORMAL', 'http://127.0.0.1:8081/profile/default.png');
INSERT INTO `user` VALUES (556, 'Deborah Young', 'mwcji', 'j.npvs@yjekx.lv', '71554386', '江苏省常州市', 'NORMAL', 'http://127.0.0.1:8081/profile/default.png');
INSERT INTO `user` VALUES (557, 'Helen Jackson', 'xfpdjelqdpmw', 'p.gaxrmscm@ikbgllf.es', '66348774', '江苏省镇江市', 'NORMAL', 'http://127.0.0.1:8081/profile/default.png');
INSERT INTO `user` VALUES (558, 'Charles Lee', 'yhwrl', 'j.yocoy@mgyb.jm', '68539227', '江苏省镇江市', 'NORMAL', 'http://127.0.0.1:8081/profile/default.png');
INSERT INTO `user` VALUES (559, 'Gary Robinson', 'mpdsvurqvxdxs', 'y.vubndl@fyymbgbov.an', '13730611', '江苏省无锡市', 'NORMAL', 'http://127.0.0.1:8081/profile/default.png');
INSERT INTO `user` VALUES (560, 'Margaret Moore', 'xeogxnhqxt', 'i.onhbxk@ywcnog.hk', '82766153', '江苏省无锡市', 'NORMAL', 'http://127.0.0.1:8081/profile/default.png');
INSERT INTO `user` VALUES (561, 'Steven Anderson', 'vfwfxhpdmmcbs', 's.pdjrk@wjudy.bj', '01346233', '江苏省常州市', 'NORMAL', 'http://127.0.0.1:8081/profile/default.png');
INSERT INTO `user` VALUES (562, 'Edward Thompson', 'ycjtssmvlxoof', 'c.lghpt@zgn.bj', '13426732', '江苏省常州市', 'NORMAL', 'http://127.0.0.1:8081/profile/default.png');
INSERT INTO `user` VALUES (563, 'Michelle Brown', 'yltipsmnuulgv', 'c.tlejylee@ciknnbyti.kg', '80371714', '江苏省泰州市', 'NORMAL', 'http://127.0.0.1:8081/profile/default.png');
INSERT INTO `user` VALUES (564, 'Timothy Lee', 'vksyllpxoqxd', 'e.dfhxleazi@gjjijsoqt.gd', '60275259', '江苏省淮安市', 'NORMAL', 'http://127.0.0.1:8081/profile/default.png');
INSERT INTO `user` VALUES (565, 'Kenneth Thomas', 'sxzyimcivlpf', 'b.ywoyyq@fusm.om', '70248343', '江苏省扬州市', 'NORMAL', 'http://127.0.0.1:8081/profile/default.png');
INSERT INTO `user` VALUES (566, 'Kevin Wilson', 'epswkhyczkniiq', 'i.chhwj@fprimibwf.zr', '06033539', '江苏省南通市', 'NORMAL', 'http://127.0.0.1:8081/profile/default.png');
INSERT INTO `user` VALUES (567, 'Elizabeth Moore', 'knjfcpnlvqtz', 'n.kecxfkkl@gwuxgrljv.pl', '86688219', '江苏省南通市', 'NORMAL', 'http://127.0.0.1:8081/profile/default.png');
INSERT INTO `user` VALUES (568, 'Larry Wilson', 'wjsdb', 'v.qayjytwszl@fkzhmcybr.cf', '10466645', '江苏省苏州市', 'NORMAL', 'http://127.0.0.1:8081/profile/default.png');
INSERT INTO `user` VALUES (569, 'Mary Harris', 'oslebqnj', 'v.wsqhth@kaq.中国互联.网络', '64567664', '江苏省苏州市', 'NORMAL', 'http://127.0.0.1:8081/profile/default.png');
INSERT INTO `user` VALUES (570, 'Melissa Lewis', 'hgcpmxvw', 'k.xxqnfedrv@xeg.su', '22146163', '江苏省镇江市', 'NORMAL', 'http://127.0.0.1:8081/profile/default.png');
INSERT INTO `user` VALUES (571, 'Sandra Taylor', 'utizdboesh', 'g.grnho@ody.tm', '37073306', '江苏省镇江市', 'NORMAL', 'http://127.0.0.1:8081/profile/default.png');
INSERT INTO `user` VALUES (572, 'Gary Wilson', 'mpayadju', 'e.htmkhvvx@wfgorb.mh', '27682467', '江苏省无锡市', 'NORMAL', 'http://127.0.0.1:8081/profile/default.png');
INSERT INTO `user` VALUES (573, 'Timothy Martinez', 'njkkvpyvpzomci', 'x.mgi@dewqjxtm.pm', '80214333', '江苏省无锡市', 'NORMAL', 'http://127.0.0.1:8081/profile/default.png');
INSERT INTO `user` VALUES (574, 'Gary Martin', 'mtfr', 'f.zbmpqkg@deqvmhwlf.org', '34227586', '江苏省常州市', 'NORMAL', 'http://127.0.0.1:8081/profile/default.png');
INSERT INTO `user` VALUES (575, 'Edward Rodriguez', 'wsb', 'x.sqluif@ljelr.mt', '85686151', '江苏省常州市', 'NORMAL', 'http://127.0.0.1:8081/profile/default.png');
INSERT INTO `user` VALUES (576, 'Maria Wilson', 'yfwg', 'p.ufrlbvi@gogp.ke', '61796782', '江苏省盐城市', 'NORMAL', 'http://127.0.0.1:8081/profile/default.png');
INSERT INTO `user` VALUES (577, 'Kimberly Young', 'ukwn', 'e.vbdv@fmxfyectpg.cd', '26133363', '江苏省盐城市', 'NORMAL', 'http://127.0.0.1:8081/profile/default.png');
INSERT INTO `user` VALUES (578, 'Sarah Martinez', 'nvjtugyypgog', 'd.bgqzanzoez@gcwxubckch.hn', '26582163', '江苏省宿迁市', 'NORMAL', 'http://127.0.0.1:8081/profile/default.png');
INSERT INTO `user` VALUES (579, 'Ronald Miller', 'mmlel', 't.tcnnasyri@oohg.fi', '50456983', '江苏省泰州市', 'NORMAL', 'http://127.0.0.1:8081/profile/default.png');
INSERT INTO `user` VALUES (580, 'Margaret Jackson', 'tsk', 'q.bwgzhqtc@gwniubzk.cx', '56867681', '江苏省淮安市', 'NORMAL', 'http://127.0.0.1:8081/profile/default.png');
INSERT INTO `user` VALUES (581, 'Jose Hall', 'dbwwhv', 'v.zngqem@uretfeyssn.ci', '54837221', '江苏省扬州市', 'NORMAL', 'http://127.0.0.1:8081/profile/default.png');
INSERT INTO `user` VALUES (582, 'Jose White', 'mck', 'm.slsgdnfj@hdry.so', '08174265', '江苏省盐城市', 'NORMAL', 'http://127.0.0.1:8081/profile/default.png');
INSERT INTO `user` VALUES (583, 'Robert Martinez', 'nlflshbtnef', 'b.qdjnnmmvcc@hguhw.tm', '81874924', '江苏省连云港市', 'NORMAL', 'http://127.0.0.1:8081/profile/default.png');
INSERT INTO `user` VALUES (584, 'Helen Martin', 'eyqgutggtmktq', 'b.pjhpqvrc@tpercebq.gi', '94326719', '江苏省泰州市', 'NORMAL', 'http://127.0.0.1:8081/profile/default.png');
INSERT INTO `user` VALUES (585, 'Anthony Robinson', 'obln', 'm.utxlojh@biwf.sj', '82231685', '江苏省淮安市', 'NORMAL', 'http://127.0.0.1:8081/profile/default.png');
INSERT INTO `user` VALUES (586, 'Margaret Jackson', 'wljgimggk', 'j.pgjyl@syqrgjp.nl', '15617606', '江苏省扬州市', 'NORMAL', 'http://127.0.0.1:8081/profile/default.png');
INSERT INTO `user` VALUES (587, 'Eric Rodriguez', 'jiu', 'g.guisjct@ssdxhmchb.gl', '30426976', '江苏省南京市', 'NORMAL', 'http://127.0.0.1:8081/profile/default.png');
INSERT INTO `user` VALUES (588, 'Lisa Taylor', 'vcfq', 'f.lkekjtw@gtzysncuu.coop', '22724641', '江苏省徐州市', 'NORMAL', 'http://127.0.0.1:8081/profile/default.png');
INSERT INTO `user` VALUES (589, 'Carol Thompson', 'xiup', 'b.ywruzhvx@qigr.tf', '75833175', '江苏省盐城市', 'NORMAL', 'http://127.0.0.1:8081/profile/default.png');
INSERT INTO `user` VALUES (590, 'Linda Thompson', 'hbohryoyhqhvthb', 'k.rbruodo@dfxcgllgn.io', '62771840', '江苏省宿迁市', 'NORMAL', 'http://127.0.0.1:8081/profile/default.png');
INSERT INTO `user` VALUES (591, 'Margaret Young', 'gwx', 'z.nroxcn@vqqvnr.中国', '74178183', '江苏省盐城市', 'NORMAL', 'http://127.0.0.1:8081/profile/default.png');
INSERT INTO `user` VALUES (592, 'Karen Hernandez', 'ptmykvjbigutomy', 'j.wgiwcp@ltttrkq.tg', '65281626', '江苏省宿迁市', 'NORMAL', 'http://127.0.0.1:8081/profile/default.png');
INSERT INTO `user` VALUES (593, 'Patricia Jackson', 'tcifssgfmrsydm', 'r.qypslkhw@epsfns.ga', '77456323', '江苏省泰州市', 'NORMAL', 'http://127.0.0.1:8081/profile/default.png');
INSERT INTO `user` VALUES (594, 'Amy Wilson', 'uxyclxgspgth', 'j.auo@zwlf.aw', '72798145', '江苏省淮安市', 'NORMAL', 'http://127.0.0.1:8081/profile/default.png');
INSERT INTO `user` VALUES (595, 'George Martin', 'eosdgljuvdhog', 'n.zsefdqrxyq@oyxm.az', '82279569', '江苏省扬州市', 'NORMAL', 'http://127.0.0.1:8081/profile/default.png');
INSERT INTO `user` VALUES (596, 'Frank Lopez', 'vecrzlnb', 'z.rudcalx@ymhcdeuzt.rw', '70514272', '江苏省南京市', 'NORMAL', 'http://127.0.0.1:8081/profile/default.png');
INSERT INTO `user` VALUES (597, 'Mary Taylor', 'hfscytiwnnhjetr', 'a.vmqcipib@haeel.ec', '25663149', '江苏省徐州市', 'NORMAL', 'http://127.0.0.1:8081/profile/default.png');
INSERT INTO `user` VALUES (598, 'David Lewis', 'zvnue', 'o.hwivxqqmv@yvhqfn.be', '13846497', '江苏省连云港市', 'NORMAL', 'http://127.0.0.1:8081/profile/default.png');
INSERT INTO `user` VALUES (599, 'Melissa Young', 'njehhv', 's.comclttnm@wxoxnpgij.gw', '58459595', '江苏省连云港市', 'NORMAL', 'http://127.0.0.1:8081/profile/default.png');
INSERT INTO `user` VALUES (600, 'Eric Martinez', 'rdfehxx', 'j.ekwpihs@cldsa.coop', '42884179', '江苏省泰州市', 'NORMAL', 'http://127.0.0.1:8081/profile/default.png');
INSERT INTO `user` VALUES (601, 'Elizabeth Wilson', 'qljpusnvf', 'x.hsroejvcv@utfmtnrf.cy', '29688136', '江苏省淮安市', 'NORMAL', 'http://127.0.0.1:8081/profile/default.png');
INSERT INTO `user` VALUES (602, 'Jason Miller', 'ysschbkehfz', 'c.omi@dfytz.gt', '63655555', '江苏省扬州市', 'NORMAL', 'http://127.0.0.1:8081/profile/default.png');
INSERT INTO `user` VALUES (603, 'Gary Hall', 'frhhn', 'b.xiljfrup@pohk.al', '20675517', '江苏省南通市', 'NORMAL', 'http://127.0.0.1:8081/profile/default.png');
INSERT INTO `user` VALUES (604, 'Cynthia Perez', 'ervkpuufhhiy', 'g.rsuup@asnwygok.bn', '08268246', '江苏省南通市', 'NORMAL', 'http://127.0.0.1:8081/profile/default.png');
INSERT INTO `user` VALUES (605, 'Donald Robinson', 'ohxdj', 'o.qtcrildv@yovlk.bn', '84438778', '江苏省南通市', 'NORMAL', 'http://127.0.0.1:8081/profile/default.png');
INSERT INTO `user` VALUES (606, 'Christopher Harris', 'xkxnahsgxavy', 'd.fgt@sngoybnpi.sj', '07421161', '江苏省南通市', 'NORMAL', 'http://127.0.0.1:8081/profile/default.png');
INSERT INTO `user` VALUES (607, 'Shirley Brown', 'aeeqnejmbwn', 'i.jjlfgyl@ycirdck.td', '84080269', '江苏省南通市', 'NORMAL', 'http://127.0.0.1:8081/profile/default.png');
INSERT INTO `user` VALUES (608, 'John Hernandez', 'jdcjiu', 'o.qskjohzqg@oqnyki.gd', '46906353', '江苏省南京市', 'NORMAL', 'http://127.0.0.1:8081/profile/default.png');
INSERT INTO `user` VALUES (609, 'David Allen', 'pfmjorf', 'y.xcloruxf@aud.sd', '24858457', '江苏省盐城市', 'NORMAL', 'http://127.0.0.1:8081/profile/default.png');
INSERT INTO `user` VALUES (610, 'Margaret Gonzalez', 'deabhqlnsa', 'v.ashxih@qgnr.ao', '46483765', '江苏省盐城市', 'NORMAL', 'http://127.0.0.1:8081/profile/default.png');
INSERT INTO `user` VALUES (611, 'Edward Clark', 'xitizamnelkm', 's.ygytcyiup@hfvfvcar.sb', '86254387', '江苏省宿迁市', 'NORMAL', 'http://127.0.0.1:8081/profile/default.png');
INSERT INTO `user` VALUES (612, 'Anthony Clark', 'vjaktfdqpyifiob', 'g.niqrzuu@poeqfcptn.ne', '47531682', '江苏省泰州市', 'NORMAL', 'http://127.0.0.1:8081/profile/default.png');
INSERT INTO `user` VALUES (613, 'Helen Brown', 'ykqedslc', 'j.tcjgw@sxguyukm.fi', '38743578', '江苏省淮安市', 'NORMAL', 'http://127.0.0.1:8081/profile/default.png');
INSERT INTO `user` VALUES (614, 'Sandra White', 'fqbjxsbnrn', 'f.aotid@blhztfld.ir', '43898843', '江苏省淮安市', 'NORMAL', 'http://127.0.0.1:8081/profile/default.png');
INSERT INTO `user` VALUES (615, 'Brian Lewis', 'brhctvqeawfsgw', 'k.uljmu@sfhytd.info', '68476131', '江苏省扬州市', 'NORMAL', 'http://127.0.0.1:8081/profile/default.png');
INSERT INTO `user` VALUES (616, 'Deborah Young', 'mwcji', 'j.npvs@yjekx.lv', '71554386', '江苏省南通市', 'NORMAL', 'http://127.0.0.1:8081/profile/default.png');
INSERT INTO `user` VALUES (617, 'Helen Jackson', 'xfpdjelqdpmw', 'p.gaxrmscm@ikbgllf.es', '66348774', '江苏省南通市', 'NORMAL', 'http://127.0.0.1:8081/profile/default.png');
INSERT INTO `user` VALUES (618, 'Charles Lee', 'yhwrl', 'j.yocoy@mgyb.jm', '68539227', '江苏省苏州市', 'NORMAL', 'http://127.0.0.1:8081/profile/default.png');
INSERT INTO `user` VALUES (619, 'Gary Robinson', 'mpdsvurqvxdxs', 'y.vubndl@fyymbgbov.an', '13730611', '江苏省苏州市', 'NORMAL', 'http://127.0.0.1:8081/profile/default.png');
INSERT INTO `user` VALUES (620, 'Margaret Moore', 'xeogxnhqxt', 'i.onhbxk@ywcnog.hk', '82766153', '江苏省南通市', 'NORMAL', 'http://127.0.0.1:8081/profile/default.png');
INSERT INTO `user` VALUES (621, 'Steven Anderson', 'vfwfxhpdmmcbs', 's.pdjrk@wjudy.bj', '01346233', '江苏省南通市', 'NORMAL', 'http://127.0.0.1:8081/profile/default.png');
INSERT INTO `user` VALUES (622, 'Edward Thompson', 'ycjtssmvlxoof', 'c.lghpt@zgn.bj', '13426732', '江苏省常州市', 'NORMAL', 'http://127.0.0.1:8081/profile/default.png');
INSERT INTO `user` VALUES (623, 'Michelle Brown', 'yltipsmnuulgv', 'c.tlejylee@ciknnbyti.kg', '80371714', '江苏省徐州市', 'NORMAL', 'http://127.0.0.1:8081/profile/default.png');
INSERT INTO `user` VALUES (624, 'Timothy Lee', 'vksyllpxoqxd', 'e.dfhxleazi@gjjijsoqt.gd', '60275259', '江苏省无锡市', 'NORMAL', 'http://127.0.0.1:8081/profile/default.png');
INSERT INTO `user` VALUES (625, 'Kenneth Thomas', 'sxzyimcivlpf', 'b.ywoyyq@fusm.om', '70248343', '江苏省南京市', 'NORMAL', 'http://127.0.0.1:8081/profile/default.png');
INSERT INTO `user` VALUES (626, 'Kevin Wilson', 'epswkhyczkniiq', 'i.chhwj@fprimibwf.zr', '06033539', '江苏省盐城市', 'NORMAL', 'http://127.0.0.1:8081/profile/default.png');
INSERT INTO `user` VALUES (627, 'Elizabeth Moore', 'knjfcpnlvqtz', 'n.kecxfkkl@gwuxgrljv.pl', '86688219', '江苏省盐城市', 'NORMAL', 'http://127.0.0.1:8081/profile/default.png');
INSERT INTO `user` VALUES (628, 'Larry Wilson', 'wjsdb', 'v.qayjytwszl@fkzhmcybr.cf', '10466645', '江苏省宿迁市', 'NORMAL', 'http://127.0.0.1:8081/profile/default.png');
INSERT INTO `user` VALUES (629, 'Mary Harris', 'oslebqnj', 'v.wsqhth@kaq.中国互联.网络', '64567664', '江苏省盐城市', 'NORMAL', 'http://127.0.0.1:8081/profile/default.png');
INSERT INTO `user` VALUES (630, 'Melissa Lewis', 'hgcpmxvw', 'k.xxqnfedrv@xeg.su', '22146163', '江苏省连云港市', 'NORMAL', 'http://127.0.0.1:8081/profile/default.png');
INSERT INTO `user` VALUES (631, 'Sandra Taylor', 'utizdboesh', 'g.grnho@ody.tm', '37073306', '江苏省泰州市', 'NORMAL', 'http://127.0.0.1:8081/profile/default.png');
INSERT INTO `user` VALUES (632, 'Gary Wilson', 'mpayadju', 'e.htmkhvvx@wfgorb.mh', '27682467', '江苏省淮安市', 'NORMAL', 'http://127.0.0.1:8081/profile/default.png');
INSERT INTO `user` VALUES (633, 'Timothy Martinez', 'njkkvpyvpzomci', 'x.mgi@dewqjxtm.pm', '80214333', '江苏省扬州市', 'NORMAL', 'http://127.0.0.1:8081/profile/default.png');
INSERT INTO `user` VALUES (634, 'Gary Martin', 'mtfr', 'f.zbmpqkg@deqvmhwlf.org', '34227586', '江苏省南京市', 'NORMAL', 'http://127.0.0.1:8081/profile/default.png');
INSERT INTO `user` VALUES (635, 'Edward Rodriguez', 'wsb', 'x.sqluif@ljelr.mt', '85686151', '江苏省徐州市', 'NORMAL', 'http://127.0.0.1:8081/profile/default.png');
INSERT INTO `user` VALUES (636, 'Maria Wilson', 'yfwg', 'p.ufrlbvi@gogp.ke', '61796782', '江苏省盐城市', 'NORMAL', 'http://127.0.0.1:8081/profile/default.png');
INSERT INTO `user` VALUES (637, 'Kimberly Young', 'ukwn', 'e.vbdv@fmxfyectpg.cd', '26133363', '江苏省宿迁市', 'NORMAL', 'http://127.0.0.1:8081/profile/default.png');
INSERT INTO `user` VALUES (638, 'Sarah Martinez', 'nvjtugyypgog', 'd.bgqzanzoez@gcwxubckch.hn', '26582163', '江苏省盐城市', 'NORMAL', 'http://127.0.0.1:8081/profile/default.png');
INSERT INTO `user` VALUES (639, 'Ronald Miller', 'mmlel', 't.tcnnasyri@oohg.fi', '50456983', '江苏省宿迁市', 'NORMAL', 'http://127.0.0.1:8081/profile/default.png');
INSERT INTO `user` VALUES (640, 'Margaret Jackson', 'tsk', 'q.bwgzhqtc@gwniubzk.cx', '56867681', '江苏省泰州市', 'NORMAL', 'http://127.0.0.1:8081/profile/default.png');
INSERT INTO `user` VALUES (641, 'Jose Hall', 'dbwwhv', 'v.zngqem@uretfeyssn.ci', '54837221', '江苏省淮安市', 'NORMAL', 'http://127.0.0.1:8081/profile/default.png');
INSERT INTO `user` VALUES (642, 'Jose White', 'mck', 'm.slsgdnfj@hdry.so', '08174265', '江苏省扬州市', 'NORMAL', 'http://127.0.0.1:8081/profile/default.png');
INSERT INTO `user` VALUES (643, 'Robert Martinez', 'nlflshbtnef', 'b.qdjnnmmvcc@hguhw.tm', '81874924', '江苏省南京市', 'NORMAL', 'http://127.0.0.1:8081/profile/default.png');
INSERT INTO `user` VALUES (644, 'Helen Martin', 'eyqgutggtmktq', 'b.pjhpqvrc@tpercebq.gi', '94326719', '江苏省徐州市', 'NORMAL', 'http://127.0.0.1:8081/profile/default.png');
INSERT INTO `user` VALUES (645, 'Anthony Robinson', 'obln', 'm.utxlojh@biwf.sj', '82231685', '江苏省连云港市', 'NORMAL', 'http://127.0.0.1:8081/profile/default.png');
INSERT INTO `user` VALUES (646, 'Margaret Jackson', 'wljgimggk', 'j.pgjyl@syqrgjp.nl', '15617606', '江苏省连云港市', 'NORMAL', 'http://127.0.0.1:8081/profile/default.png');
INSERT INTO `user` VALUES (647, 'Eric Rodriguez', 'jiu', 'g.guisjct@ssdxhmchb.gl', '30426976', '江苏省泰州市', 'NORMAL', 'http://127.0.0.1:8081/profile/default.png');
INSERT INTO `user` VALUES (648, 'Lisa Taylor', 'vcfq', 'f.lkekjtw@gtzysncuu.coop', '22724641', '江苏省淮安市', 'NORMAL', 'http://127.0.0.1:8081/profile/default.png');
INSERT INTO `user` VALUES (649, 'Carol Thompson', 'xiup', 'b.ywruzhvx@qigr.tf', '75833175', '江苏省扬州市', 'NORMAL', 'http://127.0.0.1:8081/profile/default.png');
INSERT INTO `user` VALUES (650, 'Linda Thompson', 'hbohryoyhqhvthb', 'k.rbruodo@dfxcgllgn.io', '62771840', '江苏省南京市', 'NORMAL', 'http://127.0.0.1:8081/profile/default.png');
INSERT INTO `user` VALUES (651, 'Margaret Young', 'gwx', 'z.nroxcn@vqqvnr.中国', '74178183', '江苏省镇江市', 'NORMAL', 'http://127.0.0.1:8081/profile/default.png');
INSERT INTO `user` VALUES (652, 'Karen Hernandez', 'ptmykvjbigutomy', 'j.wgiwcp@ltttrkq.tg', '65281626', '江苏省镇江市', 'NORMAL', 'http://127.0.0.1:8081/profile/default.png');
INSERT INTO `user` VALUES (653, 'Patricia Jackson', 'tcifssgfmrsydm', 'r.qypslkhw@epsfns.ga', '77456323', '江苏省淮安市', 'NORMAL', 'http://127.0.0.1:8081/profile/default.png');
INSERT INTO `user` VALUES (654, 'Amy Wilson', 'uxyclxgspgth', 'j.auo@zwlf.aw', '72798145', '江苏省扬州市', 'NORMAL', 'http://127.0.0.1:8081/profile/default.png');
INSERT INTO `user` VALUES (655, 'George Martin', 'eosdgljuvdhog', 'n.zsefdqrxyq@oyxm.az', '82279569', '江苏省南通市', 'NORMAL', 'http://127.0.0.1:8081/profile/default.png');
INSERT INTO `user` VALUES (656, 'Frank Lopez', 'vecrzlnb', 'z.rudcalx@ymhcdeuzt.rw', '70514272', '江苏省南通市', 'NORMAL', 'http://127.0.0.1:8081/profile/default.png');
INSERT INTO `user` VALUES (657, 'Mary Taylor', 'hfscytiwnnhjetr', 'a.vmqcipib@haeel.ec', '25663149', '江苏省苏州市', 'NORMAL', 'http://127.0.0.1:8081/profile/default.png');
INSERT INTO `user` VALUES (658, 'David Lewis', 'zvnue', 'o.hwivxqqmv@yvhqfn.be', '13846497', '江苏省苏州市', 'NORMAL', 'http://127.0.0.1:8081/profile/default.png');
INSERT INTO `user` VALUES (659, 'Melissa Young', 'njehhv', 's.comclttnm@wxoxnpgij.gw', '58459595', '江苏省南通市', 'NORMAL', 'http://127.0.0.1:8081/profile/default.png');
INSERT INTO `user` VALUES (660, 'Eric Martinez', 'rdfehxx', 'j.ekwpihs@cldsa.coop', '42884179', '江苏省镇江市', 'NORMAL', 'http://127.0.0.1:8081/profile/default.png');
INSERT INTO `user` VALUES (661, 'Elizabeth Wilson', 'qljpusnvf', 'x.hsroejvcv@utfmtnrf.cy', '29688136', '江苏省常州市', 'NORMAL', 'http://127.0.0.1:8081/profile/default.png');
INSERT INTO `user` VALUES (662, 'Jason Miller', 'ysschbkehfz', 'c.omi@dfytz.gt', '63655555', '江苏省徐州市', 'NORMAL', 'http://127.0.0.1:8081/profile/default.png');
INSERT INTO `user` VALUES (663, 'Gary Hall', 'frhhn', 'b.xiljfrup@pohk.al', '23565846', '江苏省无锡市', 'NORMAL', 'http://127.0.0.1:8081/profile/default.png');
INSERT INTO `user` VALUES (664, 'Cynthia Perez', 'ervkpuufhhiy', 'g.rsuup@asnwygok.bn', '08268246', '江苏省南京市', 'NORMAL', 'http://127.0.0.1:8081/profile/default.png');
INSERT INTO `user` VALUES (665, 'Donald Robinson', 'ohxdj', 'o.qtcrildv@yovlk.bn', '84438778', '江苏省盐城市', 'NORMAL', 'http://127.0.0.1:8081/profile/default.png');
INSERT INTO `user` VALUES (666, 'Christopher Harris', 'xkxnahsgxavy', 'd.fgt@sngoybnpi.sj', '07421161', '江苏省镇江市', 'NORMAL', 'http://127.0.0.1:8081/profile/default.png');
INSERT INTO `user` VALUES (667, 'Shirley Brown', 'aeeqnejmbwn', 'i.jjlfgyl@ycirdck.td', '84080269', '江苏省宿迁市', 'NORMAL', 'http://127.0.0.1:8081/profile/default.png');
INSERT INTO `user` VALUES (668, 'John Hernandez', 'jdcjiu', 'o.qskjohzqg@oqnyki.gd', '46906353', '江苏省镇江市', 'NORMAL', 'http://127.0.0.1:8081/profile/default.png');
INSERT INTO `user` VALUES (669, 'David Allen', 'pfmjorf', 'y.xcloruxf@aud.sd', '24858457', '江苏省连云港市', 'NORMAL', 'http://127.0.0.1:8081/profile/default.png');
INSERT INTO `user` VALUES (670, 'Margaret Gonzalez', 'deabhqlnsa', 'v.ashxih@qgnr.ao', '46483765', '江苏省泰州市', 'NORMAL', 'http://127.0.0.1:8081/profile/default.png');
INSERT INTO `user` VALUES (671, 'Edward Clark', 'xitizamnelkm', 's.ygytcyiup@hfvfvcar.sb', '86254387', '江苏省淮安市', 'NORMAL', 'http://127.0.0.1:8081/profile/default.png');
INSERT INTO `user` VALUES (672, 'Anthony Clark', 'vjaktfdqpyifiob', 'g.niqrzuu@poeqfcptn.ne', '47531682', '江苏省扬州市', 'NORMAL', 'http://127.0.0.1:8081/profile/default.png');
INSERT INTO `user` VALUES (676, 'admin23', '123456', 'nightmare@qq.com', '1565358965', '江苏省盐城市', 'ADMINISTRATOR', 'http://127.0.0.1:8081/profile/default.png');

SET FOREIGN_KEY_CHECKS = 1;
